{
    "svm": {
        "tol": 1.0,
        "probability": true,
        "kernel": "poly",
        "gamma": 1.0,
        "class_weight": "balanced",
        "C": 0.1
    },
    "logistic_regression": {
        "tol": 0.01,
        "solver": "newton-cg",
        "random_state": 42,
        "max_iter": 1000,
        "class_weight": "balanced",
        "C": 100.0
    },
    "lstm": {
        "hidden_size": 49,
        "num_layers": 2,
        "dropout": 0.4924266176775975,
        "learning_rate": 0.0013896005851197141,
        "batch_size": 16,
        "weight_decay": 0.0016850261900135774
    },
    "transformer": {
        "d_model": 69,
        "num_layers": 1,
        "dropout": 0.316392675886682,
        "learning_rate": 0.0017567474720320254,
        "batch_size": 16,
        "nhead": 4,
        "weight_decay": 0.002802470985663726
    }
}