{
    "svm": {
        "tol": 1.0,
        "probability": true,
        "kernel": "linear",
        "gamma": 1.0,
        "class_weight": "balanced",
        "C": 100.0
    },
    "logistic_regression": {
        "tol": 0.01,
        "solver": "newton-cg",
        "random_state": 42,
        "max_iter": 1000,
        "class_weight": "balanced",
        "C": 100.0
    },
    "lstm": {
        "hidden_size": 43,
        "num_layers": 2,
        "dropout": 0.48676949900689603,
        "learning_rate": 0.0010110522467081276,
        "batch_size": 32,
        "weight_decay": 0.00010075247505866989
    },
    "transformer": {
        "d_model": 49,
        "num_layers": 2,
        "dropout": 0.49625309851522037,
        "learning_rate": 0.0009446941735805004,
        "batch_size": 32,
        "nhead": 2,
        "weight_decay": 0.0003777339320920213
    }
}