{
    "svm": {
        "tol": 0.01,
        "probability": true,
        "kernel": "rbf",
        "gamma": 0.1,
        "class_weight": "balanced",
        "C": 100.0
    },
    "logistic_regression": {
        "tol": 0.01,
        "solver": "newton-cg",
        "random_state": 42,
        "max_iter": 2000,
        "class_weight": "balanced",
        "C": 1.0
    },
    "lstm": {
        "hidden_size": 41,
        "num_layers": 1,
        "dropout": 0.48310791503946854,
        "learning_rate": 0.0005478873349826089,
        "batch_size": 64,
        "weight_decay": 0.00013806550828819483
    },
    "transformer": {
        "d_model": 46,
        "num_layers": 2,
        "dropout": 0.3523565086093021,
        "learning_rate": 0.0019155639458596269,
        "batch_size": 16,
        "nhead": 4,
        "weight_decay": 0.0003817655517121795
    }
}