{
    "svm": {
        "tol": 0.01,
        "probability": true,
        "kernel": "rbf",
        "gamma": 0.1,
        "class_weight": "balanced",
        "C": 100.0
    },
    "logistic_regression": {
        "tol": 0.01,
        "solver": "newton-cg",
        "random_state": 42,
        "max_iter": 1000,
        "class_weight": "balanced",
        "C": 100.0
    },
    "lstm": {
        "hidden_size": 44,
        "num_layers": 1,
        "dropout": 0.39666459371003676,
        "learning_rate": 0.0012198755858441074,
        "batch_size": 32,
        "weight_decay": 0.0011005810347303568
    },
    "transformer": {
        "d_model": 87,
        "num_layers": 2,
        "dropout": 0.38303941548673826,
        "learning_rate": 0.0017158178179267145,
        "batch_size": 16,
        "nhead": 2,
        "weight_decay": 0.003442541274027517
    }
}