{
    "svm": {
        "tol": 0.01,
        "probability": true,
        "kernel": "rbf",
        "gamma": 0.1,
        "class_weight": "balanced",
        "C": 100.0
    },
    "logistic_regression": {
        "tol": 0.01,
        "solver": "newton-cg",
        "random_state": 42,
        "max_iter": 3000,
        "class_weight": "balanced",
        "C": 10.0
    },
    "lstm": {
        "hidden_size": 61,
        "num_layers": 1,
        "dropout": 0.43418900896356466,
        "learning_rate": 0.000983005733571744,
        "batch_size": 32,
        "weight_decay": 0.003088862334281406
    },
    "transformer": {
        "d_model": 67,
        "num_layers": 2,
        "dropout": 0.27365995214092514,
        "learning_rate": 0.0005753633369528676,
        "batch_size": 64,
        "nhead": 2,
        "weight_decay": 0.00036312068104191967
    }
}