{
    "svm": {
        "tol": 0.01,
        "probability": true,
        "kernel": "rbf",
        "gamma": 0.1,
        "class_weight": "balanced",
        "C": 100.0
    },
    "logistic_regression": {
        "tol": 0.01,
        "solver": "saga",
        "random_state": 42,
        "max_iter": 1000,
        "class_weight": "balanced",
        "C": 0.1
    },
    "lstm": {
        "hidden_size": 69,
        "num_layers": 2,
        "dropout": 0.357187245021668,
        "learning_rate": 0.0005669723789780057,
        "batch_size": 64,
        "weight_decay": 0.0008642340057560623
    },
    "transformer": {
        "d_model": 94,
        "num_layers": 1,
        "dropout": 0.4683067526422348,
        "learning_rate": 0.0009612579252400391,
        "batch_size": 32,
        "nhead": 4,
        "weight_decay": 0.00012765021316772394
    }
}