{
    "svm": {
        "tol": 1.0,
        "probability": true,
        "kernel": "linear",
        "gamma": 1.0,
        "class_weight": "balanced",
        "C": 100.0
    },
    "logistic_regression": {
        "tol": 0.01,
        "solver": "newton-cg",
        "random_state": 42,
        "max_iter": 3000,
        "class_weight": "balanced",
        "C": 10.0
    },
    "lstm": {
        "hidden_size": 41,
        "num_layers": 2,
        "dropout": 0.43969137539174696,
        "learning_rate": 0.000653723222557623,
        "batch_size": 32,
        "weight_decay": 0.0001805339060532807
    },
    "transformer": {
        "d_model": 35,
        "num_layers": 1,
        "dropout": 0.31088319640367135,
        "learning_rate": 0.001378268101226081,
        "batch_size": 16,
        "nhead": 4,
        "weight_decay": 0.0019668687350369667
    }
}