{
    "svm": {
        "tol": 0.01,
        "probability": true,
        "kernel": "rbf",
        "gamma": 0.1,
        "class_weight": "balanced",
        "C": 100.0
    },
    "logistic_regression": {
        "tol": 0.01,
        "solver": "newton-cg",
        "random_state": 42,
        "max_iter": 3000,
        "class_weight": "balanced",
        "C": 10.0
    },
    "lstm": {
        "hidden_size": 32,
        "num_layers": 1,
        "dropout": 0.31722972762319523,
        "learning_rate": 0.0005138033736366839,
        "batch_size": 64,
        "weight_decay": 0.00024197582732239382
    },
    "transformer": {
        "d_model": 41,
        "num_layers": 1,
        "dropout": 0.4117333718773622,
        "learning_rate": 0.0008513995192957318,
        "batch_size": 64,
        "nhead": 4,
        "weight_decay": 0.0036454994985571846
    }
}