{
    "svm": {
        "tol": 0.01,
        "probability": true,
        "kernel": "rbf",
        "gamma": 0.1,
        "class_weight": "balanced",
        "C": 100.0
    },
    "logistic_regression": {
        "tol": 1.0,
        "solver": "sag",
        "random_state": 42,
        "max_iter": 3000,
        "class_weight": "balanced",
        "C": 1.0
    },
    "lstm": {
        "hidden_size": 32,
        "num_layers": 1,
        "dropout": 0.3585463453074798,
        "learning_rate": 0.000768126404112141,
        "batch_size": 64,
        "weight_decay": 0.0025724994912626467
    },
    "transformer": {
        "d_model": 38,
        "num_layers": 2,
        "dropout": 0.32884843242281475,
        "learning_rate": 0.0007196215367239258,
        "batch_size": 16,
        "nhead": 2,
        "weight_decay": 0.008850432881509395
    }
}