{
    "svm": {
        "tol": 0.1,
        "probability": true,
        "kernel": "linear",
        "gamma": 0.1,
        "class_weight": "balanced",
        "C": 10.0
    },
    "logistic_regression": {
        "tol": 0.01,
        "solver": "newton-cg",
        "random_state": 42,
        "max_iter": 3000,
        "class_weight": "balanced",
        "C": 10.0
    },
    "lstm": {
        "hidden_size": 34,
        "num_layers": 2,
        "dropout": 0.40941018223272146,
        "learning_rate": 0.0006060502509430478,
        "batch_size": 16,
        "weight_decay": 0.009358293450517407
    },
    "transformer": {
        "d_model": 78,
        "num_layers": 2,
        "dropout": 0.3850637163680269,
        "learning_rate": 0.001720887089651603,
        "batch_size": 16,
        "nhead": 2,
        "weight_decay": 0.00020028218323727467
    }
}