{
    "svm": {
        "tol": 0.01,
        "probability": true,
        "kernel": "rbf",
        "gamma": 0.1,
        "class_weight": "balanced",
        "C": 100.0
    },
    "logistic_regression": {
        "tol": 0.1,
        "solver": "newton-cg",
        "random_state": 42,
        "max_iter": 3000,
        "class_weight": "balanced",
        "C": 0.0001
    },
    "lstm": {
        "hidden_size": 75,
        "num_layers": 2,
        "dropout": 0.47487835877977436,
        "learning_rate": 0.001567527199182108,
        "batch_size": 64,
        "weight_decay": 0.0018933363763177743
    },
    "transformer": {
        "d_model": 32,
        "num_layers": 2,
        "dropout": 0.47776937827143046,
        "learning_rate": 0.0007855903628496037,
        "batch_size": 32,
        "nhead": 4,
        "weight_decay": 0.00034924650539100823
    }
}