{
    "svm": {
        "tol": 0.01,
        "probability": true,
        "kernel": "rbf",
        "gamma": 0.1,
        "class_weight": "balanced",
        "C": 100.0
    },
    "logistic_regression": {
        "tol": 0.01,
        "solver": "newton-cg",
        "random_state": 42,
        "max_iter": 3000,
        "class_weight": "balanced",
        "C": 10.0
    },
    "lstm": {
        "hidden_size": 32,
        "num_layers": 2,
        "dropout": 0.48534962629313927,
        "learning_rate": 0.0005514348627698042,
        "batch_size": 32,
        "weight_decay": 0.0005272586483394579
    },
    "transformer": {
        "d_model": 33,
        "num_layers": 2,
        "dropout": 0.48454351467240075,
        "learning_rate": 0.0005866772426081649,
        "batch_size": 16,
        "nhead": 4,
        "weight_decay": 0.0001748134195929331
    }
}