{
    "svm": {
        "tol": 0.01,
        "probability": true,
        "kernel": "rbf",
        "gamma": 0.1,
        "class_weight": "balanced",
        "C": 100.0
    },
    "logistic_regression": {
        "tol": 0.01,
        "solver": "newton-cg",
        "random_state": 42,
        "max_iter": 1000,
        "class_weight": "balanced",
        "C": 100.0
    },
    "lstm": {
        "hidden_size": 48,
        "num_layers": 1,
        "dropout": 0.36401416505865625,
        "learning_rate": 0.0005826641720736494,
        "batch_size": 32,
        "weight_decay": 0.0015788580512099304
    },
    "transformer": {
        "d_model": 83,
        "num_layers": 1,
        "dropout": 0.233375156812763,
        "learning_rate": 0.0011713008706876785,
        "batch_size": 64,
        "nhead": 2,
        "weight_decay": 0.00039677148793061293
    }
}