{
    "svm": {
        "tol": 0.1,
        "probability": true,
        "kernel": "linear",
        "gamma": 0.1,
        "class_weight": "balanced",
        "C": 10.0
    },
    "logistic_regression": {
        "tol": 0.01,
        "solver": "newton-cg",
        "random_state": 42,
        "max_iter": 1000,
        "class_weight": "balanced",
        "C": 100.0
    },
    "lstm": {
        "hidden_size": 43,
        "num_layers": 2,
        "dropout": 0.4716140907528006,
        "learning_rate": 0.0009193743621946519,
        "batch_size": 64,
        "weight_decay": 0.00023460587247934795
    },
    "transformer": {
        "d_model": 34,
        "num_layers": 1,
        "dropout": 0.29425574414318856,
        "learning_rate": 0.0017706973855706495,
        "batch_size": 16,
        "nhead": 2,
        "weight_decay": 0.0008044277207180567
    }
}