{
    "svm": {
        "tol": 1.0,
        "probability": true,
        "kernel": "poly",
        "gamma": 1.0,
        "class_weight": "balanced",
        "C": 0.1
    },
    "logistic_regression": {
        "tol": 0.01,
        "solver": "newton-cg",
        "random_state": 42,
        "max_iter": 1000,
        "class_weight": "balanced",
        "C": 100.0
    },
    "lstm": {
        "hidden_size": 64,
        "num_layers": 1,
        "dropout": 0.39563664435236706,
        "learning_rate": 0.0013831068861491077,
        "batch_size": 32,
        "weight_decay": 0.0005731867395900056
    },
    "transformer": {
        "d_model": 58,
        "num_layers": 1,
        "dropout": 0.315746408805941,
        "learning_rate": 0.000811717315727561,
        "batch_size": 64,
        "nhead": 2,
        "weight_decay": 0.001204015002883727
    }
}