{
    "svm": {
        "tol": 100.0,
        "probability": true,
        "kernel": "linear",
        "gamma": 0.1,
        "class_weight": "balanced",
        "C": 0.01
    },
    "logistic_regression": {
        "tol": 0.01,
        "solver": "lbfgs",
        "random_state": 42,
        "max_iter": 1000,
        "class_weight": "balanced",
        "C": 100.0
    },
    "lstm": {
        "hidden_size": 71,
        "num_layers": 2,
        "dropout": 0.4364666829285141,
        "learning_rate": 0.0013700913117556624,
        "batch_size": 64,
        "weight_decay": 0.0005335797732459778
    },
    "transformer": {
        "d_model": 60,
        "num_layers": 2,
        "dropout": 0.4475016411126419,
        "learning_rate": 0.0012461581955585854,
        "batch_size": 32,
        "nhead": 4,
        "weight_decay": 0.00014381567026349625
    }
}