{
    "svm": {
        "tol": 0.01,
        "probability": true,
        "kernel": "rbf",
        "gamma": 0.1,
        "class_weight": "balanced",
        "C": 100.0
    },
    "logistic_regression": {
        "tol": 0.01,
        "solver": "saga",
        "random_state": 42,
        "max_iter": 2000,
        "class_weight": "balanced",
        "C": 1.0
    },
    "lstm": {
        "hidden_size": 33,
        "num_layers": 1,
        "dropout": 0.39505906144517333,
        "learning_rate": 0.0006175271147244964,
        "batch_size": 64,
        "weight_decay": 0.001526131171921019
    },
    "transformer": {
        "d_model": 57,
        "num_layers": 2,
        "dropout": 0.4983023907585873,
        "learning_rate": 0.0005275710077639913,
        "batch_size": 64,
        "nhead": 4,
        "weight_decay": 0.00031988673177878716
    }
}