{
    "svm": {
        "tol": 0.01,
        "probability": true,
        "kernel": "rbf",
        "gamma": 0.1,
        "class_weight": "balanced",
        "C": 100.0
    },
    "logistic_regression": {
        "tol": 0.01,
        "solver": "lbfgs",
        "random_state": 42,
        "max_iter": 1000,
        "class_weight": "balanced",
        "C": 100.0
    },
    "lstm": {
        "hidden_size": 34,
        "num_layers": 2,
        "dropout": 0.22106181676258635,
        "learning_rate": 0.0019149934187430604,
        "batch_size": 32,
        "weight_decay": 0.0013817074293575248
    },
    "transformer": {
        "d_model": 92,
        "num_layers": 2,
        "dropout": 0.4248435509288861,
        "learning_rate": 0.0007850135951166372,
        "batch_size": 32,
        "nhead": 2,
        "weight_decay": 0.0016742618070336814
    }
}