{
    "svm": {
        "tol": 1.0,
        "probability": true,
        "kernel": "linear",
        "gamma": 1.0,
        "class_weight": "balanced",
        "C": 100.0
    },
    "logistic_regression": {
        "tol": 0.01,
        "solver": "newton-cg",
        "random_state": 42,
        "max_iter": 1000,
        "class_weight": "balanced",
        "C": 100.0
    },
    "lstm": {
        "hidden_size": 74,
        "num_layers": 2,
        "dropout": 0.4122344427423388,
        "learning_rate": 0.0016950404592947833,
        "batch_size": 64,
        "weight_decay": 0.001725595398667603
    },
    "transformer": {
        "d_model": 85,
        "num_layers": 2,
        "dropout": 0.3289004133096065,
        "learning_rate": 0.001420111180664157,
        "batch_size": 16,
        "nhead": 4,
        "weight_decay": 0.007052013690638999
    }
}