{
    "svm": {
        "tol": 0.01,
        "probability": true,
        "kernel": "rbf",
        "gamma": 0.1,
        "class_weight": "balanced",
        "C": 100.0
    },
    "logistic_regression": {
        "tol": 0.01,
        "solver": "lbfgs",
        "random_state": 42,
        "max_iter": 1000,
        "class_weight": "balanced",
        "C": 10.0
    },
    "lstm": {
        "hidden_size": 35,
        "num_layers": 1,
        "dropout": 0.45235649114349863,
        "learning_rate": 0.0013869001199391894,
        "batch_size": 64,
        "weight_decay": 0.003542400418166221
    },
    "transformer": {
        "d_model": 57,
        "num_layers": 1,
        "dropout": 0.3700563900676517,
        "learning_rate": 0.0005967444935802704,
        "batch_size": 64,
        "nhead": 4,
        "weight_decay": 0.0006868885124741278
    }
}