{
    "svm": {
        "tol": 0.01,
        "probability": true,
        "kernel": "rbf",
        "gamma": 0.1,
        "class_weight": "balanced",
        "C": 100.0
    },
    "logistic_regression": {
        "tol": 1.0,
        "solver": "sag",
        "random_state": 42,
        "max_iter": 3000,
        "class_weight": "balanced",
        "C": 0.1
    },
    "lstm": {
        "hidden_size": 32,
        "num_layers": 2,
        "dropout": 0.4836494909181892,
        "learning_rate": 0.0014203595930010178,
        "batch_size": 16,
        "weight_decay": 0.00013079685788930078
    },
    "transformer": {
        "d_model": 39,
        "num_layers": 2,
        "dropout": 0.4437723611802616,
        "learning_rate": 0.001116887102635311,
        "batch_size": 16,
        "nhead": 4,
        "weight_decay": 0.00675047394280383
    }
}