{
    "svm": {
        "tol": 0.01,
        "probability": true,
        "kernel": "rbf",
        "gamma": 0.1,
        "class_weight": "balanced",
        "C": 100.0
    },
    "logistic_regression": {
        "tol": 0.01,
        "solver": "newton-cg",
        "random_state": 42,
        "max_iter": 3000,
        "class_weight": "balanced",
        "C": 10.0
    },
    "lstm": {
        "hidden_size": 70,
        "num_layers": 2,
        "dropout": 0.3846995357422201,
        "learning_rate": 0.0017544210509440462,
        "batch_size": 32,
        "weight_decay": 0.00031323132585365604
    },
    "transformer": {
        "d_model": 51,
        "num_layers": 2,
        "dropout": 0.4108666171131451,
        "learning_rate": 0.0014597188306629165,
        "batch_size": 32,
        "nhead": 2,
        "weight_decay": 0.0009397756688163898
    }
}