{
    "svm": {
        "tol": 100.0,
        "probability": true,
        "kernel": "linear",
        "gamma": 0.1,
        "class_weight": "balanced",
        "C": 0.01
    },
    "logistic_regression": {
        "tol": 0.01,
        "solver": "lbfgs",
        "random_state": 42,
        "max_iter": 1000,
        "class_weight": "balanced",
        "C": 10.0
    },
    "lstm": {
        "hidden_size": 76,
        "num_layers": 2,
        "dropout": 0.49387666352638987,
        "learning_rate": 0.00102984492570863,
        "batch_size": 16,
        "weight_decay": 0.0006471751378715562
    },
    "transformer": {
        "d_model": 70,
        "num_layers": 1,
        "dropout": 0.3197100099075672,
        "learning_rate": 0.000614911860250422,
        "batch_size": 16,
        "nhead": 2,
        "weight_decay": 0.0025841561510891032
    }
}