{
    "svm": {
        "tol": 0.1,
        "probability": true,
        "kernel": "poly",
        "gamma": 0.01,
        "class_weight": "balanced",
        "C": 10.0
    },
    "logistic_regression": {
        "tol": 0.01,
        "solver": "sag",
        "random_state": 42,
        "max_iter": 3000,
        "class_weight": "balanced",
        "C": 100.0
    },
    "lstm": {
        "hidden_size": 60,
        "num_layers": 1,
        "dropout": 0.3755596969517287,
        "learning_rate": 0.0005307116260006053,
        "batch_size": 32,
        "weight_decay": 0.0014036763546239233
    },
    "transformer": {
        "d_model": 95,
        "num_layers": 2,
        "dropout": 0.4328898019378577,
        "learning_rate": 0.0014821858965009956,
        "batch_size": 16,
        "nhead": 2,
        "weight_decay": 0.00024303399571304528
    }
}