{
    "svm": {
        "tol": 0.01,
        "probability": true,
        "kernel": "rbf",
        "gamma": 0.1,
        "class_weight": "balanced",
        "C": 100.0
    },
    "logistic_regression": {
        "tol": 0.01,
        "solver": "lbfgs",
        "random_state": 42,
        "max_iter": 1000,
        "class_weight": "balanced",
        "C": 100.0
    },
    "lstm": {
        "hidden_size": 70,
        "num_layers": 1,
        "dropout": 0.33987276725117077,
        "learning_rate": 0.0014137899708361594,
        "batch_size": 32,
        "weight_decay": 0.0032985409650592747
    },
    "transformer": {
        "d_model": 81,
        "num_layers": 2,
        "dropout": 0.2507119755072896,
        "learning_rate": 0.001469030486360469,
        "batch_size": 16,
        "nhead": 4,
        "weight_decay": 0.0051779678313656295
    }
}