{
    "svm": {
        "tol": 0.01,
        "probability": true,
        "kernel": "rbf",
        "gamma": 0.1,
        "class_weight": "balanced",
        "C": 100.0
    },
    "logistic_regression": {
        "tol": 0.01,
        "solver": "newton-cg",
        "random_state": 42,
        "max_iter": 3000,
        "class_weight": "balanced",
        "C": 10.0
    },
    "lstm": {
        "hidden_size": 36,
        "num_layers": 1,
        "dropout": 0.4268106747917923,
        "learning_rate": 0.0005517304452251634,
        "batch_size": 64,
        "weight_decay": 0.00018014210457143186
    },
    "transformer": {
        "d_model": 33,
        "num_layers": 2,
        "dropout": 0.4086033625601896,
        "learning_rate": 0.0007362967380384191,
        "batch_size": 64,
        "nhead": 4,
        "weight_decay": 0.00012739740063660737
    }
}