{
    "svm": {
        "tol": 1.0,
        "probability": true,
        "kernel": "rbf",
        "gamma": 0.01,
        "class_weight": "balanced",
        "C": 100.0
    },
    "logistic_regression": {
        "tol": 0.01,
        "solver": "newton-cg",
        "random_state": 42,
        "max_iter": 1000,
        "class_weight": "balanced",
        "C": 100.0
    },
    "lstm": {
        "hidden_size": 41,
        "num_layers": 1,
        "dropout": 0.24126854229286618,
        "learning_rate": 0.0006930752930743665,
        "batch_size": 64,
        "weight_decay": 0.0004058939836072939
    },
    "transformer": {
        "d_model": 84,
        "num_layers": 2,
        "dropout": 0.22246886339524932,
        "learning_rate": 0.001343128158989783,
        "batch_size": 16,
        "nhead": 4,
        "weight_decay": 0.0005428626510176018
    }
}