{
    "svm": {
        "tol": 0.1,
        "probability": true,
        "kernel": "linear",
        "gamma": 1.0,
        "class_weight": "balanced",
        "C": 1.0
    },
    "logistic_regression": {
        "tol": 0.01,
        "solver": "lbfgs",
        "random_state": 42,
        "max_iter": 1000,
        "class_weight": "balanced",
        "C": 100.0
    },
    "lstm": {
        "hidden_size": 54,
        "num_layers": 2,
        "dropout": 0.47727946008153355,
        "learning_rate": 0.0006738237776828227,
        "batch_size": 32,
        "weight_decay": 0.0020378599447432224
    },
    "transformer": {
        "d_model": 42,
        "num_layers": 1,
        "dropout": 0.2559971174607732,
        "learning_rate": 0.0005806917600961193,
        "batch_size": 64,
        "nhead": 2,
        "weight_decay": 0.00021776700202389034
    }
}