{
    "svm": {
        "tol": 1.0,
        "probability": true,
        "kernel": "rbf",
        "gamma": 0.01,
        "class_weight": "balanced",
        "C": 100.0
    },
    "logistic_regression": {
        "tol": 0.01,
        "solver": "lbfgs",
        "random_state": 42,
        "max_iter": 2000,
        "class_weight": "balanced",
        "C": 1.0
    },
    "lstm": {
        "hidden_size": 34,
        "num_layers": 1,
        "dropout": 0.2441722272927528,
        "learning_rate": 0.0008096472666462465,
        "batch_size": 64,
        "weight_decay": 0.002886785717407994
    },
    "transformer": {
        "d_model": 50,
        "num_layers": 2,
        "dropout": 0.4226943198073588,
        "learning_rate": 0.0019279991774010976,
        "batch_size": 32,
        "nhead": 2,
        "weight_decay": 0.000854612762192956
    }
}