{
    "svm": {
        "tol": 0.01,
        "probability": true,
        "kernel": "rbf",
        "gamma": 0.1,
        "class_weight": "balanced",
        "C": 100.0
    },
    "logistic_regression": {
        "tol": 0.01,
        "solver": "newton-cg",
        "random_state": 42,
        "max_iter": 2000,
        "class_weight": "balanced",
        "C": 1.0
    },
    "lstm": {
        "hidden_size": 66,
        "num_layers": 1,
        "dropout": 0.30898545321092397,
        "learning_rate": 0.0010372880841947184,
        "batch_size": 16,
        "weight_decay": 0.001960020031023943
    },
    "transformer": {
        "d_model": 67,
        "num_layers": 1,
        "dropout": 0.40551210994372333,
        "learning_rate": 0.0008126746737135713,
        "batch_size": 16,
        "nhead": 4,
        "weight_decay": 0.0009271947718873217
    }
}