{
    "svm": {
        "tol": 0.01,
        "probability": true,
        "kernel": "rbf",
        "gamma": 0.1,
        "class_weight": "balanced",
        "C": 100.0
    },
    "logistic_regression": {
        "tol": 0.01,
        "solver": "lbfgs",
        "random_state": 42,
        "max_iter": 1000,
        "class_weight": "balanced",
        "C": 100.0
    },
    "lstm": {
        "hidden_size": 48,
        "num_layers": 1,
        "dropout": 0.4838968487638978,
        "learning_rate": 0.0005561735957000731,
        "batch_size": 32,
        "weight_decay": 0.002246001174441786
    },
    "transformer": {
        "d_model": 53,
        "num_layers": 2,
        "dropout": 0.28939475970106926,
        "learning_rate": 0.0008404961147951999,
        "batch_size": 16,
        "nhead": 2,
        "weight_decay": 0.004154948757621318
    }
}