{
    "svm": {
        "tol": 0.01,
        "probability": true,
        "kernel": "rbf",
        "gamma": 0.1,
        "class_weight": "balanced",
        "C": 1.0
    },
    "logistic_regression": {
        "tol": 0.01,
        "solver": "lbfgs",
        "random_state": 42,
        "max_iter": 1000,
        "class_weight": "balanced",
        "C": 10.0
    },
    "lstm": {
        "hidden_size": 75,
        "num_layers": 2,
        "dropout": 0.48262432522304405,
        "learning_rate": 0.001404252880504968,
        "batch_size": 16,
        "weight_decay": 0.00020432592336282684
    },
    "transformer": {
        "d_model": 89,
        "num_layers": 1,
        "dropout": 0.38384930675722684,
        "learning_rate": 0.0007289889014603677,
        "batch_size": 64,
        "nhead": 2,
        "weight_decay": 0.0009784748708241535
    }
}