{
    "svm": {
        "tol": 0.01,
        "probability": true,
        "kernel": "rbf",
        "gamma": 0.1,
        "class_weight": "balanced",
        "C": 100.0
    },
    "logistic_regression": {
        "tol": 0.01,
        "solver": "lbfgs",
        "random_state": 42,
        "max_iter": 1000,
        "class_weight": "balanced",
        "C": 10.0
    },
    "lstm": {
        "hidden_size": 58,
        "num_layers": 2,
        "dropout": 0.41164101786590357,
        "learning_rate": 0.0005343040545020229,
        "batch_size": 32,
        "weight_decay": 0.003202713461460932
    },
    "transformer": {
        "d_model": 48,
        "num_layers": 2,
        "dropout": 0.3984216644426488,
        "learning_rate": 0.0005504588275221191,
        "batch_size": 16,
        "nhead": 2,
        "weight_decay": 0.00019628885028494998
    }
}