{
    "svm": {
        "tol": 0.01,
        "probability": true,
        "kernel": "rbf",
        "gamma": 0.1,
        "class_weight": "balanced",
        "C": 100.0
    },
    "logistic_regression": {
        "tol": 0.01,
        "solver": "lbfgs",
        "random_state": 42,
        "max_iter": 1000,
        "class_weight": "balanced",
        "C": 10.0
    },
    "lstm": {
        "hidden_size": 32,
        "num_layers": 1,
        "dropout": 0.25161242608923207,
        "learning_rate": 0.0005118258170638604,
        "batch_size": 16,
        "weight_decay": 0.001278067777100232
    },
    "transformer": {
        "d_model": 57,
        "num_layers": 2,
        "dropout": 0.2824669050596183,
        "learning_rate": 0.0006069419205306095,
        "batch_size": 32,
        "nhead": 4,
        "weight_decay": 0.0020530283846899276
    }
}