{
    "svm": {
        "tol": 0.01,
        "probability": true,
        "kernel": "rbf",
        "gamma": 0.1,
        "class_weight": "balanced",
        "C": 100.0
    },
    "logistic_regression": {
        "tol": 1.0,
        "solver": "saga",
        "random_state": 42,
        "max_iter": 3000,
        "class_weight": "balanced",
        "C": 0.0001
    },
    "lstm": {
        "hidden_size": 69,
        "num_layers": 2,
        "dropout": 0.32896701520469235,
        "learning_rate": 0.0013089989431532708,
        "batch_size": 64,
        "weight_decay": 0.00010376697286245197
    },
    "transformer": {
        "d_model": 75,
        "num_layers": 2,
        "dropout": 0.35182784975607706,
        "learning_rate": 0.0008283095600947099,
        "batch_size": 32,
        "nhead": 4,
        "weight_decay": 0.0004897651523474186
    }
}