{
    "svm": {
        "tol": 0.01,
        "probability": true,
        "kernel": "rbf",
        "gamma": 0.1,
        "class_weight": "balanced",
        "C": 1.0
    },
    "logistic_regression": {
        "tol": 0.01,
        "solver": "lbfgs",
        "random_state": 42,
        "max_iter": 1000,
        "class_weight": "balanced",
        "C": 100.0
    },
    "lstm": {
        "hidden_size": 74,
        "num_layers": 1,
        "dropout": 0.39285423391180585,
        "learning_rate": 0.001902170961433947,
        "batch_size": 16,
        "weight_decay": 0.0001498516588749402
    },
    "transformer": {
        "d_model": 96,
        "num_layers": 2,
        "dropout": 0.22270881655202016,
        "learning_rate": 0.000513994076150415,
        "batch_size": 32,
        "nhead": 4,
        "weight_decay": 0.00010752841977697492
    }
}