{
    "svm": {
        "tol": 1.0,
        "probability": true,
        "kernel": "rbf",
        "gamma": 0.01,
        "class_weight": "balanced",
        "C": 100.0
    },
    "logistic_regression": {
        "tol": 0.01,
        "solver": "newton-cg",
        "random_state": 42,
        "max_iter": 1000,
        "class_weight": "balanced",
        "C": 100.0
    },
    "lstm": {
        "hidden_size": 47,
        "num_layers": 1,
        "dropout": 0.4886285242874685,
        "learning_rate": 0.0005332109174226374,
        "batch_size": 64,
        "weight_decay": 0.00028130034417263636
    },
    "transformer": {
        "d_model": 36,
        "num_layers": 2,
        "dropout": 0.4533432180518296,
        "learning_rate": 0.0016427551242740276,
        "batch_size": 32,
        "nhead": 4,
        "weight_decay": 0.00045169502196670315
    }
}