{
    "svm": {
        "tol": 1.0,
        "probability": true,
        "kernel": "rbf",
        "gamma": 0.01,
        "class_weight": "balanced",
        "C": 1.0
    },
    "logistic_regression": {
        "tol": 0.01,
        "solver": "newton-cg",
        "random_state": 42,
        "max_iter": 1000,
        "class_weight": "balanced",
        "C": 100.0
    },
    "lstm": {
        "hidden_size": 46,
        "num_layers": 2,
        "dropout": 0.3415257116502546,
        "learning_rate": 0.0007251124159206946,
        "batch_size": 16,
        "weight_decay": 0.0008352691553949942
    },
    "transformer": {
        "d_model": 36,
        "num_layers": 1,
        "dropout": 0.3405667664489384,
        "learning_rate": 0.00109464281749612,
        "batch_size": 64,
        "nhead": 4,
        "weight_decay": 0.00040678753821187836
    }
}