{
    "svm": {
        "tol": 0.01,
        "probability": true,
        "kernel": "rbf",
        "gamma": 0.1,
        "class_weight": "balanced",
        "C": 100.0
    },
    "logistic_regression": {
        "tol": 0.01,
        "solver": "lbfgs",
        "random_state": 42,
        "max_iter": 1000,
        "class_weight": "balanced",
        "C": 10.0
    },
    "lstm": {
        "hidden_size": 46,
        "num_layers": 2,
        "dropout": 0.4335408339098147,
        "learning_rate": 0.001856711763461959,
        "batch_size": 64,
        "weight_decay": 0.00010534157544571317
    },
    "transformer": {
        "d_model": 74,
        "num_layers": 1,
        "dropout": 0.42399924324706223,
        "learning_rate": 0.0017594942402901516,
        "batch_size": 32,
        "nhead": 2,
        "weight_decay": 0.00039835217732440406
    }
}