{
    "svm": {
        "tol": 1.0,
        "probability": true,
        "kernel": "linear",
        "gamma": 1.0,
        "class_weight": "balanced",
        "C": 0.01
    },
    "logistic_regression": {
        "tol": 0.1,
        "solver": "saga",
        "random_state": 42,
        "max_iter": 1000,
        "class_weight": "balanced",
        "C": 0.01
    },
    "lstm": {
        "hidden_size": 32,
        "num_layers": 2,
        "dropout": 0.4011604205737024,
        "learning_rate": 0.0007600922986231309,
        "batch_size": 16,
        "weight_decay": 0.0028817242986289527
    },
    "transformer": {
        "d_model": 35,
        "num_layers": 1,
        "dropout": 0.39173897303998284,
        "learning_rate": 0.0006511370719755429,
        "batch_size": 16,
        "nhead": 2,
        "weight_decay": 0.0008857421988916642
    }
}