{
    "svm": {
        "tol": 0.01,
        "probability": true,
        "kernel": "rbf",
        "gamma": 0.1,
        "class_weight": "balanced",
        "C": 100.0
    },
    "logistic_regression": {
        "tol": 1.0,
        "solver": "sag",
        "random_state": 42,
        "max_iter": 2000,
        "class_weight": "balanced",
        "C": 100.0
    },
    "lstm": {
        "hidden_size": 37,
        "num_layers": 1,
        "dropout": 0.35309210620613646,
        "learning_rate": 0.0008026576827746899,
        "batch_size": 64,
        "weight_decay": 0.001763250634900877
    },
    "transformer": {
        "d_model": 36,
        "num_layers": 1,
        "dropout": 0.3839232414524467,
        "learning_rate": 0.0007149316234356824,
        "batch_size": 64,
        "nhead": 2,
        "weight_decay": 0.002621563053298411
    }
}