{
    "svm": {
        "tol": 0.1,
        "probability": true,
        "kernel": "linear",
        "gamma": 0.001,
        "class_weight": "balanced",
        "C": 100.0
    },
    "logistic_regression": {
        "tol": 0.01,
        "solver": "lbfgs",
        "random_state": 42,
        "max_iter": 1000,
        "class_weight": "balanced",
        "C": 100.0
    },
    "lstm": {
        "hidden_size": 66,
        "num_layers": 1,
        "dropout": 0.4696086603822593,
        "learning_rate": 0.0005893835680314621,
        "batch_size": 64,
        "weight_decay": 0.0001818082780333778
    },
    "transformer": {
        "d_model": 45,
        "num_layers": 1,
        "dropout": 0.46921177735376934,
        "learning_rate": 0.0006521655426990755,
        "batch_size": 32,
        "nhead": 4,
        "weight_decay": 0.00019872047315145266
    }
}