{
    "svm": {
        "tol": 1.0,
        "probability": true,
        "kernel": "poly",
        "gamma": 1.0,
        "class_weight": "balanced",
        "C": 0.1
    },
    "logistic_regression": {
        "tol": 0.01,
        "solver": "lbfgs",
        "random_state": 42,
        "max_iter": 1000,
        "class_weight": "balanced",
        "C": 10.0
    },
    "lstm": {
        "hidden_size": 94,
        "num_layers": 2,
        "dropout": 0.2144511240881705,
        "learning_rate": 0.0008967289492897557,
        "batch_size": 32,
        "weight_decay": 0.0003853787081578251
    },
    "transformer": {
        "d_model": 33,
        "num_layers": 2,
        "dropout": 0.4987787967946028,
        "learning_rate": 0.0007419953515984737,
        "batch_size": 16,
        "nhead": 2,
        "weight_decay": 0.0024131743910088014
    }
}