{
    "svm": {
        "tol": 0.1,
        "probability": true,
        "kernel": "rbf",
        "gamma": 0.1,
        "class_weight": "balanced",
        "C": 10.0
    },
    "logistic_regression": {
        "tol": 0.01,
        "solver": "newton-cg",
        "random_state": 42,
        "max_iter": 1000,
        "class_weight": "balanced",
        "C": 100.0
    },
    "lstm": {
        "hidden_size": 32,
        "num_layers": 1,
        "dropout": 0.40181909749563055,
        "learning_rate": 0.0012028672565938658,
        "batch_size": 32,
        "weight_decay": 0.00014721530240730562
    },
    "transformer": {
        "d_model": 33,
        "num_layers": 1,
        "dropout": 0.4952099846954106,
        "learning_rate": 0.0008252414080924693,
        "batch_size": 16,
        "nhead": 2,
        "weight_decay": 0.0013094462446718573
    }
}