{
    "svm": {
        "tol": 0.01,
        "probability": true,
        "kernel": "rbf",
        "gamma": 0.1,
        "class_weight": "balanced",
        "C": 100.0
    },
    "logistic_regression": {
        "tol": 0.01,
        "solver": "lbfgs",
        "random_state": 42,
        "max_iter": 1000,
        "class_weight": "balanced",
        "C": 100.0
    },
    "lstm": {
        "hidden_size": 38,
        "num_layers": 2,
        "dropout": 0.4986354005128777,
        "learning_rate": 0.001984617122762634,
        "batch_size": 16,
        "weight_decay": 0.001611004531344793
    },
    "transformer": {
        "d_model": 89,
        "num_layers": 2,
        "dropout": 0.29434705231312086,
        "learning_rate": 0.0018101184518346685,
        "batch_size": 16,
        "nhead": 4,
        "weight_decay": 0.0010681201333462382
    }
}