{
    "svm": {
        "tol": 0.01,
        "probability": true,
        "kernel": "rbf",
        "gamma": 0.1,
        "class_weight": "balanced",
        "C": 100.0
    },
    "logistic_regression": {
        "tol": 0.01,
        "solver": "newton-cg",
        "random_state": 42,
        "max_iter": 1000,
        "class_weight": "balanced",
        "C": 100.0
    },
    "lstm": {
        "hidden_size": 60,
        "num_layers": 2,
        "dropout": 0.3397831610314611,
        "learning_rate": 0.000894768229827359,
        "batch_size": 16,
        "weight_decay": 0.004961250545783549
    },
    "transformer": {
        "d_model": 55,
        "num_layers": 1,
        "dropout": 0.2713344040312388,
        "learning_rate": 0.0007226130299502177,
        "batch_size": 16,
        "nhead": 2,
        "weight_decay": 0.0010988126372596591
    }
}