{
    "svm": {
        "tol": 0.1,
        "probability": true,
        "kernel": "linear",
        "gamma": 0.1,
        "class_weight": "balanced",
        "C": 10.0
    },
    "logistic_regression": {
        "tol": 0.01,
        "solver": "newton-cg",
        "random_state": 42,
        "max_iter": 3000,
        "class_weight": "balanced",
        "C": 10.0
    },
    "lstm": {
        "hidden_size": 33,
        "num_layers": 2,
        "dropout": 0.4366393862470224,
        "learning_rate": 0.0009790168282564164,
        "batch_size": 64,
        "weight_decay": 0.0008510117191630425
    },
    "transformer": {
        "d_model": 47,
        "num_layers": 1,
        "dropout": 0.31219861704824764,
        "learning_rate": 0.0005062955512031297,
        "batch_size": 64,
        "nhead": 2,
        "weight_decay": 0.004260369293875098
    }
}