{
    "svm": {
        "tol": 1.0,
        "probability": true,
        "kernel": "rbf",
        "gamma": 0.01,
        "class_weight": "balanced",
        "C": 100.0
    },
    "logistic_regression": {
        "tol": 0.1,
        "solver": "saga",
        "random_state": 42,
        "max_iter": 3000,
        "class_weight": "balanced",
        "C": 0.1
    },
    "lstm": {
        "hidden_size": 90,
        "num_layers": 1,
        "dropout": 0.2850493414704746,
        "learning_rate": 0.001486294725233147,
        "batch_size": 32,
        "weight_decay": 0.00039295542069603146
    },
    "transformer": {
        "d_model": 32,
        "num_layers": 2,
        "dropout": 0.28309172758325934,
        "learning_rate": 0.0005038111035539898,
        "batch_size": 32,
        "nhead": 4,
        "weight_decay": 0.009908383827154768
    }
}