{
    "svm": {
        "tol": 0.1,
        "probability": true,
        "kernel": "linear",
        "gamma": 1.0,
        "class_weight": "balanced",
        "C": 1.0
    },
    "logistic_regression": {
        "tol": 0.01,
        "solver": "newton-cg",
        "random_state": 42,
        "max_iter": 3000,
        "class_weight": "balanced",
        "C": 10.0
    },
    "lstm": {
        "hidden_size": 96,
        "num_layers": 2,
        "dropout": 0.40620469900062844,
        "learning_rate": 0.0009083030999147943,
        "batch_size": 32,
        "weight_decay": 0.004744861732381865
    },
    "transformer": {
        "d_model": 93,
        "num_layers": 2,
        "dropout": 0.4169153538832057,
        "learning_rate": 0.0016453532324149976,
        "batch_size": 16,
        "nhead": 2,
        "weight_decay": 0.0001394612833980565
    }
}