{
    "svm": {
        "tol": 0.01,
        "probability": true,
        "kernel": "rbf",
        "gamma": 0.1,
        "class_weight": "balanced",
        "C": 0.001
    },
    "logistic_regression": {
        "tol": 0.01,
        "solver": "lbfgs",
        "random_state": 42,
        "max_iter": 1000,
        "class_weight": "balanced",
        "C": 10.0
    },
    "lstm": {
        "hidden_size": 37,
        "num_layers": 1,
        "dropout": 0.47284536717461295,
        "learning_rate": 0.0005849971311821901,
        "batch_size": 64,
        "weight_decay": 0.00012923808734655758
    },
    "transformer": {
        "d_model": 43,
        "num_layers": 2,
        "dropout": 0.4375231375706061,
        "learning_rate": 0.0011163470874497564,
        "batch_size": 64,
        "nhead": 4,
        "weight_decay": 0.0015100434725630637
    }
}