{
    "svm": {
        "tol": 1.0,
        "probability": true,
        "kernel": "linear",
        "gamma": 1.0,
        "class_weight": "balanced",
        "C": 100.0
    },
    "logistic_regression": {
        "tol": 0.01,
        "solver": "newton-cg",
        "random_state": 42,
        "max_iter": 3000,
        "class_weight": "balanced",
        "C": 10.0
    },
    "lstm": {
        "hidden_size": 32,
        "num_layers": 1,
        "dropout": 0.23996564690411407,
        "learning_rate": 0.0006686540684217444,
        "batch_size": 32,
        "weight_decay": 0.00094524493977693
    },
    "transformer": {
        "d_model": 42,
        "num_layers": 2,
        "dropout": 0.2843847665536169,
        "learning_rate": 0.0005531385853352281,
        "batch_size": 64,
        "nhead": 2,
        "weight_decay": 0.0003869776232574049
    }
}