{
    "svm": {
        "tol": 0.01,
        "probability": true,
        "kernel": "rbf",
        "gamma": 0.1,
        "class_weight": "balanced",
        "C": 100.0
    },
    "logistic_regression": {
        "tol": 1.0,
        "solver": "sag",
        "random_state": 42,
        "max_iter": 3000,
        "class_weight": "balanced",
        "C": 0.1
    },
    "lstm": {
        "hidden_size": 71,
        "num_layers": 2,
        "dropout": 0.39036344777875226,
        "learning_rate": 0.0009858554445715854,
        "batch_size": 16,
        "weight_decay": 0.002927346614149168
    },
    "transformer": {
        "d_model": 59,
        "num_layers": 2,
        "dropout": 0.4488321045289846,
        "learning_rate": 0.0012747782639562705,
        "batch_size": 64,
        "nhead": 4,
        "weight_decay": 0.0008551051452190071
    }
}