{
    "svm": {
        "tol": 0.01,
        "probability": true,
        "kernel": "rbf",
        "gamma": 0.1,
        "class_weight": "balanced",
        "C": 1.0
    },
    "logistic_regression": {
        "tol": 0.01,
        "solver": "lbfgs",
        "random_state": 42,
        "max_iter": 1000,
        "class_weight": "balanced",
        "C": 100.0
    },
    "lstm": {
        "hidden_size": 86,
        "num_layers": 1,
        "dropout": 0.3994464576156053,
        "learning_rate": 0.0008298554820761695,
        "batch_size": 16,
        "weight_decay": 0.0006051390654150283
    },
    "transformer": {
        "d_model": 86,
        "num_layers": 1,
        "dropout": 0.2356193454285801,
        "learning_rate": 0.0006520195987639399,
        "batch_size": 32,
        "nhead": 4,
        "weight_decay": 0.00020793678293426309
    }
}