{
    "svm": {
        "tol": 1.0,
        "probability": true,
        "kernel": "linear",
        "gamma": 1.0,
        "class_weight": "balanced",
        "C": 0.0001
    },
    "logistic_regression": {
        "tol": 0.01,
        "solver": "lbfgs",
        "random_state": 42,
        "max_iter": 2000,
        "class_weight": "balanced",
        "C": 0.0001
    },
    "lstm": {
        "hidden_size": 84,
        "num_layers": 1,
        "dropout": 0.36255361064822833,
        "learning_rate": 0.0005166877724593739,
        "batch_size": 32,
        "weight_decay": 0.0009742276317008813
    },
    "transformer": {
        "d_model": 37,
        "num_layers": 2,
        "dropout": 0.33408043191592374,
        "learning_rate": 0.0005661621621935824,
        "batch_size": 32,
        "nhead": 4,
        "weight_decay": 0.0011307594477777431
    }
}