{
    "svm": {
        "tol": 0.1,
        "probability": true,
        "kernel": "linear",
        "gamma": 0.001,
        "class_weight": "balanced",
        "C": 100.0
    },
    "logistic_regression": {
        "tol": 0.1,
        "solver": "sag",
        "random_state": 42,
        "max_iter": 2000,
        "class_weight": "balanced",
        "C": 10.0
    },
    "lstm": {
        "hidden_size": 55,
        "num_layers": 1,
        "dropout": 0.2950569621776393,
        "learning_rate": 0.0015863471521065345,
        "batch_size": 64,
        "weight_decay": 0.0016981140857094314
    },
    "transformer": {
        "d_model": 77,
        "num_layers": 1,
        "dropout": 0.27463670059514045,
        "learning_rate": 0.0014727360771014963,
        "batch_size": 16,
        "nhead": 2,
        "weight_decay": 0.0008723711029701652
    }
}