{
    "svm": {
        "tol": 0.01,
        "probability": true,
        "kernel": "linear",
        "gamma": 1.0,
        "class_weight": "balanced",
        "C": 100.0
    },
    "logistic_regression": {
        "tol": 0.01,
        "solver": "newton-cg",
        "random_state": 42,
        "max_iter": 3000,
        "class_weight": "balanced",
        "C": 10.0
    },
    "lstm": {
        "hidden_size": 92,
        "num_layers": 2,
        "dropout": 0.20544128645980184,
        "learning_rate": 0.0005019447922840223,
        "batch_size": 16,
        "weight_decay": 0.0017729579799277632
    },
    "transformer": {
        "d_model": 32,
        "num_layers": 2,
        "dropout": 0.3677822058120571,
        "learning_rate": 0.0011833637327643503,
        "batch_size": 16,
        "nhead": 4,
        "weight_decay": 0.007714191243160337
    }
}