{
    "svm": {
        "tol": 0.01,
        "probability": true,
        "kernel": "rbf",
        "gamma": 0.1,
        "class_weight": "balanced",
        "C": 100.0
    },
    "logistic_regression": {
        "tol": 0.01,
        "solver": "newton-cg",
        "random_state": 42,
        "max_iter": 1000,
        "class_weight": "balanced",
        "C": 100.0
    },
    "lstm": {
        "hidden_size": 35,
        "num_layers": 1,
        "dropout": 0.3166777915778575,
        "learning_rate": 0.0005590589952732744,
        "batch_size": 16,
        "weight_decay": 0.00038989398045898195
    },
    "transformer": {
        "d_model": 81,
        "num_layers": 2,
        "dropout": 0.3185699109278139,
        "learning_rate": 0.001863240927396765,
        "batch_size": 16,
        "nhead": 2,
        "weight_decay": 0.007310996257336019
    }
}