{
    "svm": {
        "tol": 0.1,
        "probability": true,
        "kernel": "linear",
        "gamma": 1.0,
        "class_weight": "balanced",
        "C": 1.0
    },
    "logistic_regression": {
        "tol": 0.01,
        "solver": "newton-cg",
        "random_state": 42,
        "max_iter": 2000,
        "class_weight": "balanced",
        "C": 1.0
    },
    "lstm": {
        "hidden_size": 33,
        "num_layers": 2,
        "dropout": 0.3020262049261052,
        "learning_rate": 0.0011149797374872014,
        "batch_size": 16,
        "weight_decay": 0.004693480569724652
    },
    "transformer": {
        "d_model": 42,
        "num_layers": 2,
        "dropout": 0.27526842319093725,
        "learning_rate": 0.0009963778187369455,
        "batch_size": 16,
        "nhead": 2,
        "weight_decay": 0.0011864758722569995
    }
}