{
    "svm": {
        "tol": 0.01,
        "probability": true,
        "kernel": "rbf",
        "gamma": 0.1,
        "class_weight": "balanced",
        "C": 1.0
    },
    "logistic_regression": {
        "tol": 0.1,
        "solver": "newton-cg",
        "random_state": 42,
        "max_iter": 1000,
        "class_weight": "balanced",
        "C": 0.1
    },
    "lstm": {
        "hidden_size": 73,
        "num_layers": 1,
        "dropout": 0.33361827477963896,
        "learning_rate": 0.0007850590242795268,
        "batch_size": 64,
        "weight_decay": 0.0009339956556852581
    },
    "transformer": {
        "d_model": 92,
        "num_layers": 2,
        "dropout": 0.2768198490771894,
        "learning_rate": 0.001280351541228692,
        "batch_size": 16,
        "nhead": 4,
        "weight_decay": 0.0006284740757332524
    }
}