{
    "svm": {
        "tol": 0.01,
        "probability": true,
        "kernel": "rbf",
        "gamma": 0.1,
        "class_weight": "balanced",
        "C": 100.0
    },
    "logistic_regression": {
        "tol": 0.01,
        "solver": "lbfgs",
        "random_state": 42,
        "max_iter": 2000,
        "class_weight": "balanced",
        "C": 1.0
    },
    "lstm": {
        "hidden_size": 32,
        "num_layers": 1,
        "dropout": 0.49971509975576595,
        "learning_rate": 0.0006115142665773908,
        "batch_size": 64,
        "weight_decay": 0.001135607402124073
    },
    "transformer": {
        "d_model": 33,
        "num_layers": 1,
        "dropout": 0.4824749632776818,
        "learning_rate": 0.0005102319375077822,
        "batch_size": 16,
        "nhead": 4,
        "weight_decay": 0.00019722495031935074
    }
}