{
    "svm": {
        "tol": 0.1,
        "probability": true,
        "kernel": "linear",
        "gamma": 0.001,
        "class_weight": "balanced",
        "C": 100.0
    },
    "logistic_regression": {
        "tol": 1.0,
        "solver": "sag",
        "random_state": 42,
        "max_iter": 3000,
        "class_weight": "balanced",
        "C": 0.001
    },
    "lstm": {
        "hidden_size": 36,
        "num_layers": 1,
        "dropout": 0.23568602588412152,
        "learning_rate": 0.000578680843386269,
        "batch_size": 32,
        "weight_decay": 0.002813791148852785
    },
    "transformer": {
        "d_model": 57,
        "num_layers": 1,
        "dropout": 0.22069833048156123,
        "learning_rate": 0.0008797643121769965,
        "batch_size": 64,
        "nhead": 4,
        "weight_decay": 0.001570929470614361
    }
}