{
    "svm": {
        "tol": 0.01,
        "probability": true,
        "kernel": "rbf",
        "gamma": 0.1,
        "class_weight": "balanced",
        "C": 100.0
    },
    "logistic_regression": {
        "tol": 0.01,
        "solver": "lbfgs",
        "random_state": 42,
        "max_iter": 1000,
        "class_weight": "balanced",
        "C": 10.0
    },
    "lstm": {
        "hidden_size": 38,
        "num_layers": 1,
        "dropout": 0.20339575453205475,
        "learning_rate": 0.0009191523543888466,
        "batch_size": 64,
        "weight_decay": 0.00025587112732089007
    },
    "transformer": {
        "d_model": 45,
        "num_layers": 1,
        "dropout": 0.37407575763683615,
        "learning_rate": 0.0011248083840205954,
        "batch_size": 16,
        "nhead": 2,
        "weight_decay": 0.006403682766322097
    }
}