{
    "svm": {
        "tol": 0.01,
        "probability": true,
        "kernel": "rbf",
        "gamma": 0.1,
        "class_weight": "balanced",
        "C": 100.0
    },
    "logistic_regression": {
        "tol": 0.01,
        "solver": "lbfgs",
        "random_state": 42,
        "max_iter": 2000,
        "class_weight": "balanced",
        "C": 0.0001
    },
    "lstm": {
        "hidden_size": 67,
        "num_layers": 2,
        "dropout": 0.38288506404286826,
        "learning_rate": 0.0006075491737385882,
        "batch_size": 64,
        "weight_decay": 0.00010321235627909486
    },
    "transformer": {
        "d_model": 86,
        "num_layers": 1,
        "dropout": 0.4582995760396606,
        "learning_rate": 0.001072159984719729,
        "batch_size": 32,
        "nhead": 4,
        "weight_decay": 0.0024615962646526404
    }
}