{
    "svm": {
        "tol": 0.01,
        "probability": true,
        "kernel": "rbf",
        "gamma": 0.1,
        "class_weight": "balanced",
        "C": 100.0
    },
    "logistic_regression": {
        "tol": 1.0,
        "solver": "saga",
        "random_state": 42,
        "max_iter": 2000,
        "class_weight": "balanced",
        "C": 0.01
    },
    "lstm": {
        "hidden_size": 75,
        "num_layers": 1,
        "dropout": 0.22475046798342643,
        "learning_rate": 0.001788772635251393,
        "batch_size": 16,
        "weight_decay": 0.0022581734941833
    },
    "transformer": {
        "d_model": 96,
        "num_layers": 2,
        "dropout": 0.4114943865374747,
        "learning_rate": 0.0014363531718313933,
        "batch_size": 16,
        "nhead": 2,
        "weight_decay": 0.009529337062366187
    }
}