{
    "svm": {
        "tol": 0.01,
        "probability": true,
        "kernel": "rbf",
        "gamma": 0.1,
        "class_weight": "balanced",
        "C": 100.0
    },
    "logistic_regression": {
        "tol": 0.01,
        "solver": "newton-cg",
        "random_state": 42,
        "max_iter": 3000,
        "class_weight": "balanced",
        "C": 10.0
    },
    "lstm": {
        "hidden_size": 44,
        "num_layers": 1,
        "dropout": 0.20455481298008255,
        "learning_rate": 0.0006313455083875776,
        "batch_size": 32,
        "weight_decay": 0.0007408207179994612
    },
    "transformer": {
        "d_model": 64,
        "num_layers": 2,
        "dropout": 0.4778270567640234,
        "learning_rate": 0.0005553626674727187,
        "batch_size": 32,
        "nhead": 4,
        "weight_decay": 0.0007620897644672499
    }
}