{
    "svm": {
        "tol": 0.01,
        "probability": true,
        "kernel": "linear",
        "gamma": 1.0,
        "class_weight": "balanced",
        "C": 100.0
    },
    "logistic_regression": {
        "tol": 0.01,
        "solver": "lbfgs",
        "random_state": 42,
        "max_iter": 2000,
        "class_weight": "balanced",
        "C": 1.0
    },
    "lstm": {
        "hidden_size": 32,
        "num_layers": 2,
        "dropout": 0.37101286715491033,
        "learning_rate": 0.0010780697892114506,
        "batch_size": 32,
        "weight_decay": 0.0036784934423870377
    },
    "transformer": {
        "d_model": 33,
        "num_layers": 2,
        "dropout": 0.394569974759788,
        "learning_rate": 0.000894156605281497,
        "batch_size": 16,
        "nhead": 4,
        "weight_decay": 0.008816733409703051
    }
}