{
    "svm": {
        "tol": 1.0,
        "probability": true,
        "kernel": "linear",
        "gamma": 1.0,
        "class_weight": "balanced",
        "C": 100.0
    },
    "logistic_regression": {
        "tol": 0.01,
        "solver": "newton-cg",
        "random_state": 42,
        "max_iter": 1000,
        "class_weight": "balanced",
        "C": 100.0
    },
    "lstm": {
        "hidden_size": 52,
        "num_layers": 1,
        "dropout": 0.36080587081466414,
        "learning_rate": 0.0005131899317407529,
        "batch_size": 64,
        "weight_decay": 0.0001981021414646077
    },
    "transformer": {
        "d_model": 76,
        "num_layers": 2,
        "dropout": 0.4058199465795582,
        "learning_rate": 0.0014070357193983537,
        "batch_size": 16,
        "nhead": 4,
        "weight_decay": 0.0007567960719717521
    }
}