{
    "svm": {
        "tol": 0.01,
        "probability": true,
        "kernel": "linear",
        "gamma": 1.0,
        "class_weight": "balanced",
        "C": 100.0
    },
    "logistic_regression": {
        "tol": 1.0,
        "solver": "sag",
        "random_state": 42,
        "max_iter": 3000,
        "class_weight": "balanced",
        "C": 0.01
    },
    "lstm": {
        "hidden_size": 39,
        "num_layers": 1,
        "dropout": 0.42039765714040556,
        "learning_rate": 0.0008476063674631804,
        "batch_size": 64,
        "weight_decay": 0.0029471615149382624
    },
    "transformer": {
        "d_model": 74,
        "num_layers": 2,
        "dropout": 0.49992008746303834,
        "learning_rate": 0.0008797989112312889,
        "batch_size": 16,
        "nhead": 4,
        "weight_decay": 0.009792543279930704
    }
}