{
    "svm": {
        "tol": 0.1,
        "probability": true,
        "kernel": "linear",
        "gamma": 0.1,
        "class_weight": "balanced",
        "C": 10.0
    },
    "logistic_regression": {
        "tol": 0.01,
        "solver": "sag",
        "random_state": 42,
        "max_iter": 3000,
        "class_weight": "balanced",
        "C": 100.0
    },
    "lstm": {
        "hidden_size": 85,
        "num_layers": 1,
        "dropout": 0.31131822782479385,
        "learning_rate": 0.0005901250149136329,
        "batch_size": 16,
        "weight_decay": 0.0014208811113481656
    },
    "transformer": {
        "d_model": 82,
        "num_layers": 1,
        "dropout": 0.3023917742724757,
        "learning_rate": 0.0016779795984406254,
        "batch_size": 32,
        "nhead": 4,
        "weight_decay": 0.001302248888789858
    }
}