{
    "svm": {
        "tol": 1.0,
        "probability": true,
        "kernel": "poly",
        "gamma": 1.0,
        "class_weight": "balanced",
        "C": 0.1
    },
    "logistic_regression": {
        "tol": 1.0,
        "solver": "sag",
        "random_state": 42,
        "max_iter": 3000,
        "class_weight": "balanced",
        "C": 0.01
    },
    "lstm": {
        "hidden_size": 48,
        "num_layers": 1,
        "dropout": 0.3225599776810646,
        "learning_rate": 0.001444291096388444,
        "batch_size": 16,
        "weight_decay": 0.00034520360770025533
    },
    "transformer": {
        "d_model": 92,
        "num_layers": 1,
        "dropout": 0.3216180627444943,
        "learning_rate": 0.0009561113658192306,
        "batch_size": 64,
        "nhead": 4,
        "weight_decay": 0.0006215671897209184
    }
}