{
    "svm": {
        "tol": 1.0,
        "probability": true,
        "kernel": "poly",
        "gamma": 1.0,
        "class_weight": "balanced",
        "C": 0.1
    },
    "logistic_regression": {
        "tol": 0.01,
        "solver": "newton-cg",
        "random_state": 42,
        "max_iter": 3000,
        "class_weight": "balanced",
        "C": 10.0
    },
    "lstm": {
        "hidden_size": 32,
        "num_layers": 1,
        "dropout": 0.3591148940763295,
        "learning_rate": 0.0006961902590349485,
        "batch_size": 32,
        "weight_decay": 0.0038828111431631696
    },
    "transformer": {
        "d_model": 45,
        "num_layers": 2,
        "dropout": 0.4379379188055541,
        "learning_rate": 0.0019771192207111063,
        "batch_size": 16,
        "nhead": 4,
        "weight_decay": 0.004094462493425521
    }
}