{
    "svm": {
        "tol": 0.01,
        "probability": true,
        "kernel": "rbf",
        "gamma": 0.1,
        "class_weight": "balanced",
        "C": 1.0
    },
    "logistic_regression": {
        "tol": 0.1,
        "solver": "saga",
        "random_state": 42,
        "max_iter": 1000,
        "class_weight": "balanced",
        "C": 100.0
    },
    "lstm": {
        "hidden_size": 33,
        "num_layers": 1,
        "dropout": 0.37948476305416795,
        "learning_rate": 0.0005552195691918098,
        "batch_size": 64,
        "weight_decay": 0.0018625773324081412
    },
    "transformer": {
        "d_model": 32,
        "num_layers": 2,
        "dropout": 0.45038717354131375,
        "learning_rate": 0.0009339364733758456,
        "batch_size": 64,
        "nhead": 4,
        "weight_decay": 0.0014324441083539137
    }
}