{
    "svm": {
        "tol": 0.1,
        "probability": true,
        "kernel": "poly",
        "gamma": 1.0,
        "class_weight": "balanced",
        "C": 100.0
    },
    "logistic_regression": {
        "tol": 0.01,
        "solver": "newton-cg",
        "random_state": 42,
        "max_iter": 2000,
        "class_weight": "balanced",
        "C": 1.0
    },
    "lstm": {
        "hidden_size": 42,
        "num_layers": 1,
        "dropout": 0.30294517826458894,
        "learning_rate": 0.000656262730181083,
        "batch_size": 64,
        "weight_decay": 0.0022945597368682438
    },
    "transformer": {
        "d_model": 32,
        "num_layers": 1,
        "dropout": 0.3933482167552571,
        "learning_rate": 0.0005430612093056253,
        "batch_size": 64,
        "nhead": 4,
        "weight_decay": 0.0003400240427728451
    }
}