{
    "svm": {
        "tol": 0.01,
        "probability": true,
        "kernel": "linear",
        "gamma": 1.0,
        "class_weight": "balanced",
        "C": 100.0
    },
    "logistic_regression": {
        "tol": 0.1,
        "solver": "sag",
        "random_state": 42,
        "max_iter": 1000,
        "class_weight": "balanced",
        "C": 0.1
    },
    "lstm": {
        "hidden_size": 46,
        "num_layers": 1,
        "dropout": 0.278224066047412,
        "learning_rate": 0.0007972847162616972,
        "batch_size": 64,
        "weight_decay": 0.001903281323323206
    },
    "transformer": {
        "d_model": 37,
        "num_layers": 1,
        "dropout": 0.2990949213552403,
        "learning_rate": 0.0007898987102338367,
        "batch_size": 32,
        "nhead": 4,
        "weight_decay": 0.0011192652633648535
    }
}