{
    "svm": {
        "tol": 0.01,
        "probability": true,
        "kernel": "rbf",
        "gamma": 0.1,
        "class_weight": "balanced",
        "C": 100.0
    },
    "logistic_regression": {
        "tol": 0.01,
        "solver": "lbfgs",
        "random_state": 42,
        "max_iter": 1000,
        "class_weight": "balanced",
        "C": 10.0
    },
    "lstm": {
        "hidden_size": 45,
        "num_layers": 1,
        "dropout": 0.29822102852145405,
        "learning_rate": 0.0005079588123365467,
        "batch_size": 64,
        "weight_decay": 0.00939817358896124
    },
    "transformer": {
        "d_model": 78,
        "num_layers": 2,
        "dropout": 0.4845132180562748,
        "learning_rate": 0.0008556301455330807,
        "batch_size": 64,
        "nhead": 4,
        "weight_decay": 0.007043798904553274
    }
}