{
    "svm": {
        "tol": 0.01,
        "probability": true,
        "kernel": "rbf",
        "gamma": 0.1,
        "class_weight": "balanced",
        "C": 100.0
    },
    "logistic_regression": {
        "tol": 0.01,
        "solver": "lbfgs",
        "random_state": 42,
        "max_iter": 1000,
        "class_weight": "balanced",
        "C": 10.0
    },
    "lstm": {
        "hidden_size": 75,
        "num_layers": 1,
        "dropout": 0.41800503236336956,
        "learning_rate": 0.001597475349461397,
        "batch_size": 64,
        "weight_decay": 0.009574890746839383
    },
    "transformer": {
        "d_model": 86,
        "num_layers": 2,
        "dropout": 0.3279853934908212,
        "learning_rate": 0.0019900949431467334,
        "batch_size": 16,
        "nhead": 4,
        "weight_decay": 0.00039665801700893694
    }
}