{
    "svm": {
        "tol": 0.01,
        "probability": true,
        "kernel": "linear",
        "gamma": 0.01,
        "class_weight": "balanced",
        "C": 1.0
    },
    "logistic_regression": {
        "tol": 0.01,
        "solver": "newton-cg",
        "random_state": 42,
        "max_iter": 2000,
        "class_weight": "balanced",
        "C": 1.0
    },
    "lstm": {
        "hidden_size": 53,
        "num_layers": 1,
        "dropout": 0.42786714188395625,
        "learning_rate": 0.0005660313085591296,
        "batch_size": 64,
        "weight_decay": 0.0012812600677167406
    },
    "transformer": {
        "d_model": 81,
        "num_layers": 2,
        "dropout": 0.4844044576377483,
        "learning_rate": 0.0014208585368038573,
        "batch_size": 32,
        "nhead": 2,
        "weight_decay": 0.005286733520527579
    }
}