{
    "svm": {
        "tol": 1.0,
        "probability": true,
        "kernel": "poly",
        "gamma": 1.0,
        "class_weight": "balanced",
        "C": 0.1
    },
    "logistic_regression": {
        "tol": 1.0,
        "solver": "saga",
        "random_state": 42,
        "max_iter": 2000,
        "class_weight": "balanced",
        "C": 100.0
    },
    "lstm": {
        "hidden_size": 55,
        "num_layers": 1,
        "dropout": 0.33661355348055544,
        "learning_rate": 0.0005550176220942943,
        "batch_size": 64,
        "weight_decay": 0.00023539703821314308
    },
    "transformer": {
        "d_model": 96,
        "num_layers": 2,
        "dropout": 0.3229361537351977,
        "learning_rate": 0.001841891842709012,
        "batch_size": 32,
        "nhead": 4,
        "weight_decay": 0.0019135305838401742
    }
}