{
    "svm": {
        "tol": 1.0,
        "probability": true,
        "kernel": "linear",
        "gamma": 1.0,
        "class_weight": "balanced",
        "C": 100.0
    },
    "logistic_regression": {
        "tol": 0.01,
        "solver": "lbfgs",
        "random_state": 42,
        "max_iter": 1000,
        "class_weight": "balanced",
        "C": 10.0
    },
    "lstm": {
        "hidden_size": 64,
        "num_layers": 1,
        "dropout": 0.285669461587804,
        "learning_rate": 0.0011840370301305107,
        "batch_size": 16,
        "weight_decay": 0.0005447632091737885
    },
    "transformer": {
        "d_model": 78,
        "num_layers": 2,
        "dropout": 0.2863943146701021,
        "learning_rate": 0.00176963607496245,
        "batch_size": 16,
        "nhead": 4,
        "weight_decay": 0.002244762582221452
    }
}