{
    "svm": {
        "tol": 0.01,
        "probability": true,
        "kernel": "rbf",
        "gamma": 0.1,
        "class_weight": "balanced",
        "C": 100.0
    },
    "logistic_regression": {
        "tol": 0.01,
        "solver": "newton-cg",
        "random_state": 42,
        "max_iter": 1000,
        "class_weight": "balanced",
        "C": 100.0
    },
    "lstm": {
        "hidden_size": 38,
        "num_layers": 1,
        "dropout": 0.41274893626393083,
        "learning_rate": 0.000610767792717968,
        "batch_size": 32,
        "weight_decay": 0.0038529849491647063
    },
    "transformer": {
        "d_model": 61,
        "num_layers": 2,
        "dropout": 0.4413853409263747,
        "learning_rate": 0.0017298193492215684,
        "batch_size": 32,
        "nhead": 2,
        "weight_decay": 0.0005993762456084692
    }
}