{
    "svm": {
        "tol": 1.0,
        "probability": true,
        "kernel": "linear",
        "gamma": 0.01,
        "class_weight": "balanced",
        "C": 10.0
    },
    "logistic_regression": {
        "tol": 0.01,
        "solver": "lbfgs",
        "random_state": 42,
        "max_iter": 1000,
        "class_weight": "balanced",
        "C": 100.0
    },
    "lstm": {
        "hidden_size": 38,
        "num_layers": 2,
        "dropout": 0.4488704651383647,
        "learning_rate": 0.0007472895278113069,
        "batch_size": 32,
        "weight_decay": 0.0004539599186137669
    },
    "transformer": {
        "d_model": 78,
        "num_layers": 2,
        "dropout": 0.26940989195261356,
        "learning_rate": 0.00115059686928447,
        "batch_size": 16,
        "nhead": 4,
        "weight_decay": 0.0007870731355228784
    }
}