{
    "svm": {
        "tol": 0.01,
        "probability": true,
        "kernel": "rbf",
        "gamma": 0.1,
        "class_weight": "balanced",
        "C": 1.0
    },
    "logistic_regression": {
        "tol": 0.01,
        "solver": "newton-cg",
        "random_state": 42,
        "max_iter": 1000,
        "class_weight": "balanced",
        "C": 100.0
    },
    "lstm": {
        "hidden_size": 46,
        "num_layers": 1,
        "dropout": 0.458188634655374,
        "learning_rate": 0.0008795096338745758,
        "batch_size": 64,
        "weight_decay": 0.001101528657294637
    },
    "transformer": {
        "d_model": 35,
        "num_layers": 1,
        "dropout": 0.45491455350038135,
        "learning_rate": 0.0006538143485988397,
        "batch_size": 32,
        "nhead": 4,
        "weight_decay": 0.0009049393495591972
    }
}