{
    "svm": {
        "tol": 0.01,
        "probability": true,
        "kernel": "rbf",
        "gamma": 0.1,
        "class_weight": "balanced",
        "C": 100.0
    },
    "logistic_regression": {
        "tol": 0.01,
        "solver": "newton-cg",
        "random_state": 42,
        "max_iter": 1000,
        "class_weight": "balanced",
        "C": 100.0
    },
    "lstm": {
        "hidden_size": 62,
        "num_layers": 2,
        "dropout": 0.2612893438158965,
        "learning_rate": 0.0005038848626129785,
        "batch_size": 32,
        "weight_decay": 0.0016396379131964629
    },
    "transformer": {
        "d_model": 68,
        "num_layers": 2,
        "dropout": 0.29627182770383265,
        "learning_rate": 0.0019949858475394617,
        "batch_size": 64,
        "nhead": 4,
        "weight_decay": 0.00023861537282248718
    }
}