{
    "svm": {
        "tol": 0.1,
        "probability": true,
        "kernel": "linear",
        "gamma": 0.001,
        "class_weight": "balanced",
        "C": 100.0
    },
    "logistic_regression": {
        "tol": 0.01,
        "solver": "lbfgs",
        "random_state": 42,
        "max_iter": 1000,
        "class_weight": "balanced",
        "C": 100.0
    },
    "lstm": {
        "hidden_size": 50,
        "num_layers": 1,
        "dropout": 0.40543104543591124,
        "learning_rate": 0.0005933321036718062,
        "batch_size": 16,
        "weight_decay": 0.003856013510568687
    },
    "transformer": {
        "d_model": 33,
        "num_layers": 2,
        "dropout": 0.48733477600554337,
        "learning_rate": 0.0019434766068298984,
        "batch_size": 16,
        "nhead": 4,
        "weight_decay": 0.0005432796951322347
    }
}