{
    "svm": {
        "tol": 0.1,
        "probability": true,
        "kernel": "linear",
        "gamma": 0.001,
        "class_weight": "balanced",
        "C": 100.0
    },
    "logistic_regression": {
        "tol": 0.01,
        "solver": "lbfgs",
        "random_state": 42,
        "max_iter": 1000,
        "class_weight": "balanced",
        "C": 100.0
    },
    "lstm": {
        "hidden_size": 40,
        "num_layers": 2,
        "dropout": 0.4934877574387796,
        "learning_rate": 0.0014406095461183771,
        "batch_size": 16,
        "weight_decay": 0.00466792568108576
    },
    "transformer": {
        "d_model": 42,
        "num_layers": 1,
        "dropout": 0.20571235592414078,
        "learning_rate": 0.001827774067600957,
        "batch_size": 32,
        "nhead": 2,
        "weight_decay": 0.0025359535721122444
    }
}