{
    "svm": {
        "tol": 1.0,
        "probability": true,
        "kernel": "linear",
        "gamma": 1.0,
        "class_weight": "balanced",
        "C": 100.0
    },
    "logistic_regression": {
        "tol": 0.01,
        "solver": "newton-cg",
        "random_state": 42,
        "max_iter": 1000,
        "class_weight": "balanced",
        "C": 100.0
    },
    "lstm": {
        "hidden_size": 40,
        "num_layers": 1,
        "dropout": 0.47448916381419914,
        "learning_rate": 0.0008336307393500687,
        "batch_size": 32,
        "weight_decay": 0.0022916607662583966
    },
    "transformer": {
        "d_model": 95,
        "num_layers": 1,
        "dropout": 0.30971810825586493,
        "learning_rate": 0.0009300964942752356,
        "batch_size": 64,
        "nhead": 2,
        "weight_decay": 0.00025953940279713157
    }
}