{
    "svm": {
        "tol": 100.0,
        "probability": true,
        "kernel": "linear",
        "gamma": 0.1,
        "class_weight": "balanced",
        "C": 0.01
    },
    "logistic_regression": {
        "tol": 0.01,
        "solver": "newton-cg",
        "random_state": 42,
        "max_iter": 2000,
        "class_weight": "balanced",
        "C": 1.0
    },
    "lstm": {
        "hidden_size": 43,
        "num_layers": 1,
        "dropout": 0.45633103982915624,
        "learning_rate": 0.0005032491059583799,
        "batch_size": 64,
        "weight_decay": 0.00025646691628361355
    },
    "transformer": {
        "d_model": 64,
        "num_layers": 1,
        "dropout": 0.3584237467511197,
        "learning_rate": 0.000602182016253804,
        "batch_size": 32,
        "nhead": 4,
        "weight_decay": 0.000385236289707674
    }
}