{
    "svm": {
        "tol": 0.01,
        "probability": true,
        "kernel": "rbf",
        "gamma": 0.1,
        "class_weight": "balanced",
        "C": 100.0
    },
    "logistic_regression": {
        "tol": 0.1,
        "solver": "saga",
        "random_state": 42,
        "max_iter": 1000,
        "class_weight": "balanced",
        "C": 0.001
    },
    "lstm": {
        "hidden_size": 41,
        "num_layers": 1,
        "dropout": 0.41274919308966757,
        "learning_rate": 0.0005484809787235232,
        "batch_size": 64,
        "weight_decay": 0.0002946068482774956
    },
    "transformer": {
        "d_model": 42,
        "num_layers": 1,
        "dropout": 0.2997306091807764,
        "learning_rate": 0.0006147082106400042,
        "batch_size": 16,
        "nhead": 2,
        "weight_decay": 0.0002019139040208596
    }
}