{
    "svm": {
        "tol": 1.0,
        "probability": true,
        "kernel": "linear",
        "gamma": 1.0,
        "class_weight": "balanced",
        "C": 100.0
    },
    "logistic_regression": {
        "tol": 0.01,
        "solver": "lbfgs",
        "random_state": 42,
        "max_iter": 1000,
        "class_weight": "balanced",
        "C": 10.0
    },
    "lstm": {
        "hidden_size": 95,
        "num_layers": 2,
        "dropout": 0.34963634825531287,
        "learning_rate": 0.0007825693310338295,
        "batch_size": 32,
        "weight_decay": 0.007164421287944474
    },
    "transformer": {
        "d_model": 86,
        "num_layers": 2,
        "dropout": 0.3726933485643113,
        "learning_rate": 0.0006347355544716627,
        "batch_size": 64,
        "nhead": 4,
        "weight_decay": 0.003709727976307808
    }
}