{
    "svm": {
        "tol": 0.01,
        "probability": true,
        "kernel": "rbf",
        "gamma": 0.1,
        "class_weight": "balanced",
        "C": 100.0
    },
    "logistic_regression": {
        "tol": 0.1,
        "solver": "sag",
        "random_state": 42,
        "max_iter": 1000,
        "class_weight": "balanced",
        "C": 0.1
    },
    "lstm": {
        "hidden_size": 83,
        "num_layers": 2,
        "dropout": 0.3575735296829518,
        "learning_rate": 0.0005076979615082117,
        "batch_size": 64,
        "weight_decay": 0.00022420679092910692
    },
    "transformer": {
        "d_model": 44,
        "num_layers": 2,
        "dropout": 0.44136191216351717,
        "learning_rate": 0.000500533947414078,
        "batch_size": 32,
        "nhead": 2,
        "weight_decay": 0.00987303022430878
    }
}