{
    "svm": {
        "tol": 0.01,
        "probability": true,
        "kernel": "linear",
        "gamma": 1.0,
        "class_weight": "balanced",
        "C": 100.0
    },
    "logistic_regression": {
        "tol": 0.01,
        "solver": "lbfgs",
        "random_state": 42,
        "max_iter": 1000,
        "class_weight": "balanced",
        "C": 10.0
    },
    "lstm": {
        "hidden_size": 36,
        "num_layers": 1,
        "dropout": 0.462693343676455,
        "learning_rate": 0.0006322119985590853,
        "batch_size": 64,
        "weight_decay": 0.0010020204597932176
    },
    "transformer": {
        "d_model": 45,
        "num_layers": 1,
        "dropout": 0.46089176924667424,
        "learning_rate": 0.0010983962633599915,
        "batch_size": 64,
        "nhead": 4,
        "weight_decay": 0.0010228194833113956
    }
}