{
    "svm": {
        "tol": 1.0,
        "probability": true,
        "kernel": "poly",
        "gamma": 1.0,
        "class_weight": "balanced",
        "C": 0.1
    },
    "logistic_regression": {
        "tol": 1.0,
        "solver": "saga",
        "random_state": 42,
        "max_iter": 3000,
        "class_weight": "balanced",
        "C": 0.0001
    },
    "lstm": {
        "hidden_size": 78,
        "num_layers": 2,
        "dropout": 0.4765559231770853,
        "learning_rate": 0.0016158998346505855,
        "batch_size": 64,
        "weight_decay": 0.0007662741687182145
    },
    "transformer": {
        "d_model": 58,
        "num_layers": 2,
        "dropout": 0.26038458660461206,
        "learning_rate": 0.001602452770730218,
        "batch_size": 32,
        "nhead": 2,
        "weight_decay": 0.00954447733179886
    }
}