{
    "svm": {
        "tol": 0.01,
        "probability": true,
        "kernel": "rbf",
        "gamma": 0.1,
        "class_weight": "balanced",
        "C": 100.0
    },
    "logistic_regression": {
        "tol": 0.01,
        "solver": "newton-cg",
        "random_state": 42,
        "max_iter": 3000,
        "class_weight": "balanced",
        "C": 10.0
    },
    "lstm": {
        "hidden_size": 37,
        "num_layers": 2,
        "dropout": 0.4318322166596068,
        "learning_rate": 0.0006818999216360042,
        "batch_size": 32,
        "weight_decay": 0.00046346948200440605
    },
    "transformer": {
        "d_model": 83,
        "num_layers": 1,
        "dropout": 0.4607541266681942,
        "learning_rate": 0.00192962570792724,
        "batch_size": 64,
        "nhead": 2,
        "weight_decay": 0.009407717135910883
    }
}