{
    "svm": {
        "tol": 1.0,
        "probability": true,
        "kernel": "poly",
        "gamma": 1.0,
        "class_weight": "balanced",
        "C": 0.1
    },
    "logistic_regression": {
        "tol": 0.01,
        "solver": "lbfgs",
        "random_state": 42,
        "max_iter": 2000,
        "class_weight": "balanced",
        "C": 0.0001
    },
    "lstm": {
        "hidden_size": 50,
        "num_layers": 1,
        "dropout": 0.27818288560719917,
        "learning_rate": 0.0011027631391527007,
        "batch_size": 16,
        "weight_decay": 0.0012286578536668676
    },
    "transformer": {
        "d_model": 79,
        "num_layers": 2,
        "dropout": 0.3893206591779914,
        "learning_rate": 0.0007328740195066459,
        "batch_size": 16,
        "nhead": 4,
        "weight_decay": 0.0009932913403035617
    }
}