{
    "svm": {
        "tol": 1.0,
        "probability": true,
        "kernel": "linear",
        "gamma": 0.01,
        "class_weight": "balanced",
        "C": 10.0
    },
    "logistic_regression": {
        "tol": 0.01,
        "solver": "newton-cg",
        "random_state": 42,
        "max_iter": 2000,
        "class_weight": "balanced",
        "C": 1.0
    },
    "lstm": {
        "hidden_size": 32,
        "num_layers": 2,
        "dropout": 0.40463153842247945,
        "learning_rate": 0.0005003669131541734,
        "batch_size": 32,
        "weight_decay": 0.0010121883289783812
    },
    "transformer": {
        "d_model": 34,
        "num_layers": 1,
        "dropout": 0.2873273262755806,
        "learning_rate": 0.0008087311339511028,
        "batch_size": 32,
        "nhead": 2,
        "weight_decay": 0.0001607033399799491
    }
}