{
    "svm": {
        "tol": 0.1,
        "probability": true,
        "kernel": "linear",
        "gamma": 0.1,
        "class_weight": "balanced",
        "C": 10.0
    },
    "logistic_regression": {
        "tol": 0.01,
        "solver": "newton-cg",
        "random_state": 42,
        "max_iter": 3000,
        "class_weight": "balanced",
        "C": 10.0
    },
    "lstm": {
        "hidden_size": 47,
        "num_layers": 2,
        "dropout": 0.3901862378520379,
        "learning_rate": 0.0005057288478528406,
        "batch_size": 64,
        "weight_decay": 0.001652668556092328
    },
    "transformer": {
        "d_model": 50,
        "num_layers": 1,
        "dropout": 0.3249672664643719,
        "learning_rate": 0.0005426118173324549,
        "batch_size": 64,
        "nhead": 4,
        "weight_decay": 0.003403733035750618
    }
}