{
    "svm": {
        "tol": 1.0,
        "probability": true,
        "kernel": "linear",
        "gamma": 1.0,
        "class_weight": "balanced",
        "C": 100.0
    },
    "logistic_regression": {
        "tol": 0.01,
        "solver": "newton-cg",
        "random_state": 42,
        "max_iter": 3000,
        "class_weight": "balanced",
        "C": 10.0
    },
    "lstm": {
        "hidden_size": 62,
        "num_layers": 1,
        "dropout": 0.20153967727706076,
        "learning_rate": 0.0005213339521260893,
        "batch_size": 64,
        "weight_decay": 0.00959108905262348
    },
    "transformer": {
        "d_model": 95,
        "num_layers": 2,
        "dropout": 0.3853133731633706,
        "learning_rate": 0.0008818151032360894,
        "batch_size": 64,
        "nhead": 2,
        "weight_decay": 0.00020697018346031368
    }
}