{
    "svm": {
        "tol": 0.01,
        "probability": true,
        "kernel": "rbf",
        "gamma": 0.1,
        "class_weight": "balanced",
        "C": 1.0
    },
    "logistic_regression": {
        "tol": 0.01,
        "solver": "lbfgs",
        "random_state": 42,
        "max_iter": 1000,
        "class_weight": "balanced",
        "C": 100.0
    },
    "lstm": {
        "hidden_size": 50,
        "num_layers": 1,
        "dropout": 0.2590557489076815,
        "learning_rate": 0.0006179698035173792,
        "batch_size": 16,
        "weight_decay": 0.008492978280767838
    },
    "transformer": {
        "d_model": 45,
        "num_layers": 2,
        "dropout": 0.4805859706929954,
        "learning_rate": 0.0009687963546797792,
        "batch_size": 64,
        "nhead": 4,
        "weight_decay": 0.00032121247782663153
    }
}