{
    "svm": {
        "tol": 0.01,
        "probability": true,
        "kernel": "rbf",
        "gamma": 0.1,
        "class_weight": "balanced",
        "C": 100.0
    },
    "logistic_regression": {
        "tol": 0.01,
        "solver": "newton-cg",
        "random_state": 42,
        "max_iter": 1000,
        "class_weight": "balanced",
        "C": 100.0
    },
    "lstm": {
        "hidden_size": 85,
        "num_layers": 1,
        "dropout": 0.45901830565166474,
        "learning_rate": 0.0006597847900124733,
        "batch_size": 64,
        "weight_decay": 0.004543152934619777
    },
    "transformer": {
        "d_model": 36,
        "num_layers": 2,
        "dropout": 0.2189362542078329,
        "learning_rate": 0.0005275328203230227,
        "batch_size": 16,
        "nhead": 2,
        "weight_decay": 0.001206443441313503
    }
}