{
    "svm": {
        "tol": 0.01,
        "probability": true,
        "kernel": "rbf",
        "gamma": 0.1,
        "class_weight": "balanced",
        "C": 100.0
    },
    "logistic_regression": {
        "tol": 0.01,
        "solver": "lbfgs",
        "random_state": 42,
        "max_iter": 1000,
        "class_weight": "balanced",
        "C": 100.0
    },
    "lstm": {
        "hidden_size": 62,
        "num_layers": 2,
        "dropout": 0.2582223743261468,
        "learning_rate": 0.0015976228778558906,
        "batch_size": 16,
        "weight_decay": 0.007832754449348152
    },
    "transformer": {
        "d_model": 61,
        "num_layers": 2,
        "dropout": 0.27876515545634084,
        "learning_rate": 0.0010370873390973406,
        "batch_size": 16,
        "nhead": 2,
        "weight_decay": 0.005123989415409701
    }
}