{
    "svm": {
        "tol": 0.01,
        "probability": true,
        "kernel": "rbf",
        "gamma": 0.1,
        "class_weight": "balanced",
        "C": 1.0
    },
    "logistic_regression": {
        "tol": 0.01,
        "solver": "newton-cg",
        "random_state": 42,
        "max_iter": 1000,
        "class_weight": "balanced",
        "C": 100.0
    },
    "lstm": {
        "hidden_size": 40,
        "num_layers": 2,
        "dropout": 0.42730069834668477,
        "learning_rate": 0.0012405935196844668,
        "batch_size": 16,
        "weight_decay": 0.0002472361137130955
    },
    "transformer": {
        "d_model": 96,
        "num_layers": 1,
        "dropout": 0.2291020125403948,
        "learning_rate": 0.0014073633004733255,
        "batch_size": 32,
        "nhead": 2,
        "weight_decay": 0.0013788310530027659
    }
}