{
    "svm": {
        "tol": 100.0,
        "probability": true,
        "kernel": "linear",
        "gamma": 0.1,
        "class_weight": "balanced",
        "C": 0.01
    },
    "logistic_regression": {
        "tol": 0.01,
        "solver": "sag",
        "random_state": 42,
        "max_iter": 3000,
        "class_weight": "balanced",
        "C": 0.001
    },
    "lstm": {
        "hidden_size": 86,
        "num_layers": 2,
        "dropout": 0.39247817398280893,
        "learning_rate": 0.0012693974070564398,
        "batch_size": 64,
        "weight_decay": 0.00023784730151452964
    },
    "transformer": {
        "d_model": 35,
        "num_layers": 2,
        "dropout": 0.48401664352337176,
        "learning_rate": 0.000577887630189471,
        "batch_size": 32,
        "nhead": 4,
        "weight_decay": 0.001285187039797828
    }
}