{
    "svm": {
        "tol": 0.01,
        "probability": true,
        "kernel": "linear",
        "gamma": 1.0,
        "class_weight": "balanced",
        "C": 100.0
    },
    "logistic_regression": {
        "tol": 0.01,
        "solver": "sag",
        "random_state": 42,
        "max_iter": 1000,
        "class_weight": "balanced",
        "C": 10.0
    },
    "lstm": {
        "hidden_size": 33,
        "num_layers": 1,
        "dropout": 0.41814918523284256,
        "learning_rate": 0.000595749811378376,
        "batch_size": 64,
        "weight_decay": 0.0005202904741910586
    },
    "transformer": {
        "d_model": 44,
        "num_layers": 2,
        "dropout": 0.3916650614435634,
        "learning_rate": 0.000993805529560692,
        "batch_size": 64,
        "nhead": 2,
        "weight_decay": 0.0002102580067329357
    }
}