{
    "svm": {
        "tol": 0.1,
        "probability": true,
        "kernel": "rbf",
        "gamma": 0.1,
        "class_weight": "balanced",
        "C": 10.0
    },
    "logistic_regression": {
        "tol": 0.01,
        "solver": "sag",
        "random_state": 42,
        "max_iter": 1000,
        "class_weight": "balanced",
        "C": 10.0
    },
    "lstm": {
        "hidden_size": 83,
        "num_layers": 2,
        "dropout": 0.37632577705643705,
        "learning_rate": 0.00197434979480771,
        "batch_size": 16,
        "weight_decay": 0.003701535172633416
    },
    "transformer": {
        "d_model": 89,
        "num_layers": 2,
        "dropout": 0.26839516501525545,
        "learning_rate": 0.0011459681608932465,
        "batch_size": 16,
        "nhead": 2,
        "weight_decay": 0.00036158057220714215
    }
}