{
    "svm": {
        "tol": 0.01,
        "probability": true,
        "kernel": "rbf",
        "gamma": 0.1,
        "class_weight": "balanced",
        "C": 100.0
    },
    "logistic_regression": {
        "tol": 0.01,
        "solver": "newton-cg",
        "random_state": 42,
        "max_iter": 2000,
        "class_weight": "balanced",
        "C": 1.0
    },
    "lstm": {
        "hidden_size": 52,
        "num_layers": 1,
        "dropout": 0.41400418272170414,
        "learning_rate": 0.0006407760633436797,
        "batch_size": 32,
        "weight_decay": 0.0010374672083924652
    },
    "transformer": {
        "d_model": 63,
        "num_layers": 1,
        "dropout": 0.33550443325495005,
        "learning_rate": 0.0009465856379221626,
        "batch_size": 64,
        "nhead": 2,
        "weight_decay": 0.0007276141292661148
    }
}