{
    "svm": {
        "tol": 0.1,
        "probability": true,
        "kernel": "poly",
        "gamma": 1.0,
        "class_weight": "balanced",
        "C": 100.0
    },
    "logistic_regression": {
        "tol": 0.01,
        "solver": "lbfgs",
        "random_state": 42,
        "max_iter": 1000,
        "class_weight": "balanced",
        "C": 100.0
    },
    "lstm": {
        "hidden_size": 32,
        "num_layers": 2,
        "dropout": 0.24598665289684624,
        "learning_rate": 0.0006567599969533758,
        "batch_size": 64,
        "weight_decay": 0.002845223853282902
    },
    "transformer": {
        "d_model": 76,
        "num_layers": 1,
        "dropout": 0.3977639346865591,
        "learning_rate": 0.0008691094188973975,
        "batch_size": 64,
        "nhead": 4,
        "weight_decay": 0.002151279468880383
    }
}