{
    "svm": {
        "tol": 0.01,
        "probability": true,
        "kernel": "rbf",
        "gamma": 0.1,
        "class_weight": "balanced",
        "C": 100.0
    },
    "logistic_regression": {
        "tol": 1.0,
        "solver": "saga",
        "random_state": 42,
        "max_iter": 1000,
        "class_weight": "balanced",
        "C": 0.001
    },
    "lstm": {
        "hidden_size": 52,
        "num_layers": 1,
        "dropout": 0.2845027121496174,
        "learning_rate": 0.0005263007646260289,
        "batch_size": 32,
        "weight_decay": 0.0024148727258593372
    },
    "transformer": {
        "d_model": 70,
        "num_layers": 2,
        "dropout": 0.32565341065984416,
        "learning_rate": 0.0012892404805008285,
        "batch_size": 32,
        "nhead": 2,
        "weight_decay": 0.0008863104604888836
    }
}