{
    "svm": {
        "tol": 0.01,
        "probability": true,
        "kernel": "rbf",
        "gamma": 0.1,
        "class_weight": "balanced",
        "C": 100.0
    },
    "logistic_regression": {
        "tol": 0.01,
        "solver": "newton-cg",
        "random_state": 42,
        "max_iter": 1000,
        "class_weight": "balanced",
        "C": 100.0
    },
    "lstm": {
        "hidden_size": 78,
        "num_layers": 2,
        "dropout": 0.33729958044411756,
        "learning_rate": 0.0014084768872241493,
        "batch_size": 16,
        "weight_decay": 0.0006637930256321444
    },
    "transformer": {
        "d_model": 88,
        "num_layers": 1,
        "dropout": 0.3066983093075123,
        "learning_rate": 0.0010094640992301068,
        "batch_size": 32,
        "nhead": 2,
        "weight_decay": 0.004482839307178491
    }
}