{
    "svm": {
        "tol": 1.0,
        "probability": true,
        "kernel": "rbf",
        "gamma": 0.01,
        "class_weight": "balanced",
        "C": 100.0
    },
    "logistic_regression": {
        "tol": 0.01,
        "solver": "newton-cg",
        "random_state": 42,
        "max_iter": 1000,
        "class_weight": "balanced",
        "C": 100.0
    },
    "lstm": {
        "hidden_size": 54,
        "num_layers": 2,
        "dropout": 0.2235817406576462,
        "learning_rate": 0.0013168598490894406,
        "batch_size": 64,
        "weight_decay": 0.0014712370181240984
    },
    "transformer": {
        "d_model": 71,
        "num_layers": 2,
        "dropout": 0.2692112648494335,
        "learning_rate": 0.0011543303626601312,
        "batch_size": 64,
        "nhead": 4,
        "weight_decay": 0.004924962176740304
    }
}