{
    "svm": {
        "tol": 1.0,
        "probability": true,
        "kernel": "linear",
        "gamma": 0.001,
        "class_weight": "balanced",
        "C": 0.1
    },
    "logistic_regression": {
        "tol": 0.01,
        "solver": "newton-cg",
        "random_state": 42,
        "max_iter": 1000,
        "class_weight": "balanced",
        "C": 100.0
    },
    "lstm": {
        "hidden_size": 55,
        "num_layers": 2,
        "dropout": 0.45788184446677843,
        "learning_rate": 0.0005628242796518242,
        "batch_size": 16,
        "weight_decay": 0.0009241601057434604
    },
    "transformer": {
        "d_model": 45,
        "num_layers": 2,
        "dropout": 0.31874171059518125,
        "learning_rate": 0.0007718681245978202,
        "batch_size": 16,
        "nhead": 4,
        "weight_decay": 0.0008456379036542209
    }
}