{
    "svm": {
        "tol": 0.1,
        "probability": true,
        "kernel": "rbf",
        "gamma": 0.1,
        "class_weight": "balanced",
        "C": 10.0
    },
    "logistic_regression": {
        "tol": 0.01,
        "solver": "lbfgs",
        "random_state": 42,
        "max_iter": 1000,
        "class_weight": "balanced",
        "C": 10.0
    },
    "lstm": {
        "hidden_size": 45,
        "num_layers": 1,
        "dropout": 0.40817473662809917,
        "learning_rate": 0.0006420641832607256,
        "batch_size": 16,
        "weight_decay": 0.0001445657748534682
    },
    "transformer": {
        "d_model": 79,
        "num_layers": 2,
        "dropout": 0.32383091247582857,
        "learning_rate": 0.0019775902087359348,
        "batch_size": 16,
        "nhead": 2,
        "weight_decay": 0.0037376786731425737
    }
}