{
    "svm": {
        "tol": 0.01,
        "probability": true,
        "kernel": "rbf",
        "gamma": 0.1,
        "class_weight": "balanced",
        "C": 100.0
    },
    "logistic_regression": {
        "tol": 0.01,
        "solver": "newton-cg",
        "random_state": 42,
        "max_iter": 1000,
        "class_weight": "balanced",
        "C": 100.0
    },
    "lstm": {
        "hidden_size": 85,
        "num_layers": 2,
        "dropout": 0.35382440628160555,
        "learning_rate": 0.0010872997069357065,
        "batch_size": 16,
        "weight_decay": 0.00011875798496972787
    },
    "transformer": {
        "d_model": 61,
        "num_layers": 2,
        "dropout": 0.3826404648860445,
        "learning_rate": 0.0014582385976041074,
        "batch_size": 32,
        "nhead": 2,
        "weight_decay": 0.009613827303065953
    }
}