{
    "svm": {
        "tol": 0.01,
        "probability": true,
        "kernel": "rbf",
        "gamma": 0.1,
        "class_weight": "balanced",
        "C": 100.0
    },
    "logistic_regression": {
        "tol": 0.01,
        "solver": "lbfgs",
        "random_state": 42,
        "max_iter": 1000,
        "class_weight": "balanced",
        "C": 10.0
    },
    "lstm": {
        "hidden_size": 95,
        "num_layers": 2,
        "dropout": 0.4895020064979568,
        "learning_rate": 0.0007588926449390384,
        "batch_size": 16,
        "weight_decay": 0.001960292998316519
    },
    "transformer": {
        "d_model": 49,
        "num_layers": 1,
        "dropout": 0.47478312473354944,
        "learning_rate": 0.0006101261129231143,
        "batch_size": 16,
        "nhead": 2,
        "weight_decay": 0.0013130982128415586
    }
}