{
    "svm": {
        "tol": 0.1,
        "probability": true,
        "kernel": "linear",
        "gamma": 0.1,
        "class_weight": "balanced",
        "C": 10.0
    },
    "logistic_regression": {
        "tol": 0.01,
        "solver": "lbfgs",
        "random_state": 42,
        "max_iter": 1000,
        "class_weight": "balanced",
        "C": 100.0
    },
    "lstm": {
        "hidden_size": 55,
        "num_layers": 2,
        "dropout": 0.4986563500654694,
        "learning_rate": 0.0006592236446752914,
        "batch_size": 16,
        "weight_decay": 0.00018034706192071302
    },
    "transformer": {
        "d_model": 37,
        "num_layers": 2,
        "dropout": 0.34301214898281607,
        "learning_rate": 0.001247374674654896,
        "batch_size": 16,
        "nhead": 4,
        "weight_decay": 0.00029817926474399727
    }
}