{
    "svm": {
        "tol": 0.01,
        "probability": true,
        "kernel": "rbf",
        "gamma": 0.001,
        "class_weight": "balanced",
        "C": 1.0
    },
    "logistic_regression": {
        "tol": 1.0,
        "solver": "sag",
        "random_state": 42,
        "max_iter": 3000,
        "class_weight": "balanced",
        "C": 0.0001
    },
    "lstm": {
        "hidden_size": 55,
        "num_layers": 1,
        "dropout": 0.4747403717366329,
        "learning_rate": 0.0005865542493773588,
        "batch_size": 64,
        "weight_decay": 0.00039085877947835383
    },
    "transformer": {
        "d_model": 38,
        "num_layers": 2,
        "dropout": 0.4566158103519571,
        "learning_rate": 0.0007283696413729478,
        "batch_size": 64,
        "nhead": 2,
        "weight_decay": 0.004024866796823055
    }
}