{
    "svm": {
        "tol": 0.01,
        "probability": true,
        "kernel": "rbf",
        "gamma": 0.1,
        "class_weight": "balanced",
        "C": 100.0
    },
    "logistic_regression": {
        "tol": 0.01,
        "solver": "lbfgs",
        "random_state": 42,
        "max_iter": 1000,
        "class_weight": "balanced",
        "C": 100.0
    },
    "lstm": {
        "hidden_size": 44,
        "num_layers": 1,
        "dropout": 0.49568127457101374,
        "learning_rate": 0.0015638104268882653,
        "batch_size": 64,
        "weight_decay": 0.00391390189424661
    },
    "transformer": {
        "d_model": 71,
        "num_layers": 1,
        "dropout": 0.40096330181930806,
        "learning_rate": 0.0011749959525541108,
        "batch_size": 16,
        "nhead": 2,
        "weight_decay": 0.004450430766680999
    }
}