{
    "svm": {
        "tol": 0.01,
        "probability": true,
        "kernel": "rbf",
        "gamma": 0.1,
        "class_weight": "balanced",
        "C": 100.0
    },
    "logistic_regression": {
        "tol": 0.01,
        "solver": "newton-cg",
        "random_state": 42,
        "max_iter": 3000,
        "class_weight": "balanced",
        "C": 10.0
    },
    "lstm": {
        "hidden_size": 49,
        "num_layers": 1,
        "dropout": 0.446391679612865,
        "learning_rate": 0.0013439799050579437,
        "batch_size": 64,
        "weight_decay": 0.0017694169711337218
    },
    "transformer": {
        "d_model": 82,
        "num_layers": 2,
        "dropout": 0.3706324297780524,
        "learning_rate": 0.0018008193360662774,
        "batch_size": 16,
        "nhead": 4,
        "weight_decay": 0.0002246714127434821
    }
}