{
    "svm": {
        "tol": 0.01,
        "probability": true,
        "kernel": "rbf",
        "gamma": 0.1,
        "class_weight": "balanced",
        "C": 100.0
    },
    "logistic_regression": {
        "tol": 1.0,
        "solver": "sag",
        "random_state": 42,
        "max_iter": 3000,
        "class_weight": "balanced",
        "C": 0.1
    },
    "lstm": {
        "hidden_size": 43,
        "num_layers": 1,
        "dropout": 0.4306164982367117,
        "learning_rate": 0.00056654012038682,
        "batch_size": 32,
        "weight_decay": 0.00293076987452618
    },
    "transformer": {
        "d_model": 50,
        "num_layers": 2,
        "dropout": 0.4814751964108939,
        "learning_rate": 0.000987641223634809,
        "batch_size": 16,
        "nhead": 2,
        "weight_decay": 0.0008002269238038559
    }
}