{
    "svm": {
        "tol": 0.1,
        "probability": true,
        "kernel": "poly",
        "gamma": 1.0,
        "class_weight": "balanced",
        "C": 100.0
    },
    "logistic_regression": {
        "tol": 0.01,
        "solver": "lbfgs",
        "random_state": 42,
        "max_iter": 1000,
        "class_weight": "balanced",
        "C": 100.0
    },
    "lstm": {
        "hidden_size": 67,
        "num_layers": 1,
        "dropout": 0.26916500286084205,
        "learning_rate": 0.0006243931491026742,
        "batch_size": 64,
        "weight_decay": 0.0030015582596508777
    },
    "transformer": {
        "d_model": 57,
        "num_layers": 2,
        "dropout": 0.46672327101568606,
        "learning_rate": 0.0012529419509775296,
        "batch_size": 16,
        "nhead": 4,
        "weight_decay": 0.00010280753428660834
    }
}