{
    "svm": {
        "tol": 0.1,
        "probability": true,
        "kernel": "linear",
        "gamma": 0.001,
        "class_weight": "balanced",
        "C": 100.0
    },
    "logistic_regression": {
        "tol": 0.01,
        "solver": "lbfgs",
        "random_state": 42,
        "max_iter": 1000,
        "class_weight": "balanced",
        "C": 10.0
    },
    "lstm": {
        "hidden_size": 89,
        "num_layers": 1,
        "dropout": 0.34319974247716495,
        "learning_rate": 0.0010460990221148267,
        "batch_size": 64,
        "weight_decay": 0.001617230667751119
    },
    "transformer": {
        "d_model": 96,
        "num_layers": 2,
        "dropout": 0.3583161862143012,
        "learning_rate": 0.0007387467354279847,
        "batch_size": 32,
        "nhead": 2,
        "weight_decay": 0.00045524165359521175
    }
}