{
    "svm": {
        "tol": 0.01,
        "probability": true,
        "kernel": "rbf",
        "gamma": 0.1,
        "class_weight": "balanced",
        "C": 100.0
    },
    "logistic_regression": {
        "tol": 0.01,
        "solver": "sag",
        "random_state": 42,
        "max_iter": 1000,
        "class_weight": "balanced",
        "C": 0.0001
    },
    "lstm": {
        "hidden_size": 35,
        "num_layers": 1,
        "dropout": 0.35998205511438036,
        "learning_rate": 0.0005017893916441378,
        "batch_size": 32,
        "weight_decay": 0.0006810929653154633
    },
    "transformer": {
        "d_model": 38,
        "num_layers": 1,
        "dropout": 0.3613434357451121,
        "learning_rate": 0.0007172316243495799,
        "batch_size": 32,
        "nhead": 4,
        "weight_decay": 0.00040750999940499227
    }
}