{
    "svm": {
        "tol": 0.1,
        "probability": true,
        "kernel": "rbf",
        "gamma": 0.1,
        "class_weight": "balanced",
        "C": 10.0
    },
    "logistic_regression": {
        "tol": 0.01,
        "solver": "newton-cg",
        "random_state": 42,
        "max_iter": 1000,
        "class_weight": "balanced",
        "C": 100.0
    },
    "lstm": {
        "hidden_size": 68,
        "num_layers": 2,
        "dropout": 0.3029042429813552,
        "learning_rate": 0.0008108037749173907,
        "batch_size": 16,
        "weight_decay": 0.007539889390522107
    },
    "transformer": {
        "d_model": 70,
        "num_layers": 1,
        "dropout": 0.42318292654472783,
        "learning_rate": 0.0008326651962630097,
        "batch_size": 16,
        "nhead": 2,
        "weight_decay": 0.000614575971165482
    }
}