{
    "svm": {
        "tol": 0.1,
        "probability": true,
        "kernel": "linear",
        "gamma": 0.1,
        "class_weight": "balanced",
        "C": 10.0
    },
    "logistic_regression": {
        "tol": 1.0,
        "solver": "saga",
        "random_state": 42,
        "max_iter": 2000,
        "class_weight": "balanced",
        "C": 100.0
    },
    "lstm": {
        "hidden_size": 43,
        "num_layers": 1,
        "dropout": 0.28302880618803805,
        "learning_rate": 0.0008096944757204852,
        "batch_size": 32,
        "weight_decay": 0.0002678263807790923
    },
    "transformer": {
        "d_model": 46,
        "num_layers": 1,
        "dropout": 0.26009785001243646,
        "learning_rate": 0.0012179267890744536,
        "batch_size": 16,
        "nhead": 4,
        "weight_decay": 0.002366283774114555
    }
}