{
    "svm": {
        "tol": 0.01,
        "probability": true,
        "kernel": "rbf",
        "gamma": 0.1,
        "class_weight": "balanced",
        "C": 100.0
    },
    "logistic_regression": {
        "tol": 0.01,
        "solver": "newton-cg",
        "random_state": 42,
        "max_iter": 1000,
        "class_weight": "balanced",
        "C": 100.0
    },
    "lstm": {
        "hidden_size": 51,
        "num_layers": 1,
        "dropout": 0.3015401684950464,
        "learning_rate": 0.0006277244302458619,
        "batch_size": 64,
        "weight_decay": 0.0022771644380383442
    },
    "transformer": {
        "d_model": 61,
        "num_layers": 2,
        "dropout": 0.37694662213510727,
        "learning_rate": 0.0012726046172762738,
        "batch_size": 32,
        "nhead": 4,
        "weight_decay": 0.00033046812252810685
    }
}