{
    "svm": {
        "tol": 0.01,
        "probability": true,
        "kernel": "rbf",
        "gamma": 0.1,
        "class_weight": "balanced",
        "C": 100.0
    },
    "logistic_regression": {
        "tol": 0.01,
        "solver": "lbfgs",
        "random_state": 42,
        "max_iter": 1000,
        "class_weight": "balanced",
        "C": 10.0
    },
    "lstm": {
        "hidden_size": 32,
        "num_layers": 2,
        "dropout": 0.4842512146933051,
        "learning_rate": 0.0005222415284222331,
        "batch_size": 64,
        "weight_decay": 0.008457139478144898
    },
    "transformer": {
        "d_model": 75,
        "num_layers": 2,
        "dropout": 0.42056939681003686,
        "learning_rate": 0.0019565925149506217,
        "batch_size": 16,
        "nhead": 4,
        "weight_decay": 0.0003492979066150634
    }
}