{
    "svm": {
        "tol": 0.01,
        "probability": true,
        "kernel": "linear",
        "gamma": 1.0,
        "class_weight": "balanced",
        "C": 100.0
    },
    "logistic_regression": {
        "tol": 0.01,
        "solver": "lbfgs",
        "random_state": 42,
        "max_iter": 1000,
        "class_weight": "balanced",
        "C": 100.0
    },
    "lstm": {
        "hidden_size": 36,
        "num_layers": 1,
        "dropout": 0.3362299613713548,
        "learning_rate": 0.0008505497209031031,
        "batch_size": 32,
        "weight_decay": 0.00691282303116358
    },
    "transformer": {
        "d_model": 65,
        "num_layers": 1,
        "dropout": 0.46205248388966735,
        "learning_rate": 0.0008444247897906136,
        "batch_size": 16,
        "nhead": 4,
        "weight_decay": 0.00039466034198020996
    }
}