{
    "svm": {
        "tol": 1.0,
        "probability": true,
        "kernel": "linear",
        "gamma": 1.0,
        "class_weight": "balanced",
        "C": 100.0
    },
    "logistic_regression": {
        "tol": 0.01,
        "solver": "lbfgs",
        "random_state": 42,
        "max_iter": 1000,
        "class_weight": "balanced",
        "C": 100.0
    },
    "lstm": {
        "hidden_size": 34,
        "num_layers": 1,
        "dropout": 0.48961064813456623,
        "learning_rate": 0.0005118464031704527,
        "batch_size": 64,
        "weight_decay": 0.009367566018661242
    },
    "transformer": {
        "d_model": 71,
        "num_layers": 2,
        "dropout": 0.49825468518775806,
        "learning_rate": 0.0007654593325317053,
        "batch_size": 16,
        "nhead": 2,
        "weight_decay": 0.0010880969266248083
    }
}