{
    "svm": {
        "tol": 0.01,
        "probability": true,
        "kernel": "rbf",
        "gamma": 0.1,
        "class_weight": "balanced",
        "C": 1.0
    },
    "logistic_regression": {
        "tol": 0.01,
        "solver": "lbfgs",
        "random_state": 42,
        "max_iter": 1000,
        "class_weight": "balanced",
        "C": 10.0
    },
    "lstm": {
        "hidden_size": 47,
        "num_layers": 1,
        "dropout": 0.3987643165521343,
        "learning_rate": 0.0005452547965322954,
        "batch_size": 64,
        "weight_decay": 0.0070745074203469975
    },
    "transformer": {
        "d_model": 39,
        "num_layers": 1,
        "dropout": 0.32070214902995914,
        "learning_rate": 0.0007679765947134909,
        "batch_size": 16,
        "nhead": 2,
        "weight_decay": 0.0006308258755617132
    }
}