{
    "svm": {
        "tol": 0.01,
        "probability": true,
        "kernel": "rbf",
        "gamma": 0.1,
        "class_weight": "balanced",
        "C": 1.0
    },
    "logistic_regression": {
        "tol": 0.01,
        "solver": "newton-cg",
        "random_state": 42,
        "max_iter": 3000,
        "class_weight": "balanced",
        "C": 10.0
    },
    "lstm": {
        "hidden_size": 47,
        "num_layers": 2,
        "dropout": 0.42739158796210036,
        "learning_rate": 0.0007051858278312686,
        "batch_size": 32,
        "weight_decay": 0.00039928218141976744
    },
    "transformer": {
        "d_model": 81,
        "num_layers": 2,
        "dropout": 0.37595601565196635,
        "learning_rate": 0.0015002076406947604,
        "batch_size": 16,
        "nhead": 4,
        "weight_decay": 0.0005036872819331092
    }
}