{
    "svm": {
        "tol": 1.0,
        "probability": true,
        "kernel": "rbf",
        "gamma": 0.01,
        "class_weight": "balanced",
        "C": 100.0
    },
    "logistic_regression": {
        "tol": 0.01,
        "solver": "newton-cg",
        "random_state": 42,
        "max_iter": 1000,
        "class_weight": "balanced",
        "C": 100.0
    },
    "lstm": {
        "hidden_size": 32,
        "num_layers": 1,
        "dropout": 0.36733279057301854,
        "learning_rate": 0.0005299381013816346,
        "batch_size": 64,
        "weight_decay": 0.00012979662536906388
    },
    "transformer": {
        "d_model": 64,
        "num_layers": 1,
        "dropout": 0.23493984753630195,
        "learning_rate": 0.000707075430516124,
        "batch_size": 64,
        "nhead": 2,
        "weight_decay": 0.0015279102755812388
    }
}