{
    "svm": {
        "tol": 0.01,
        "probability": true,
        "kernel": "rbf",
        "gamma": 0.1,
        "class_weight": "balanced",
        "C": 100.0
    },
    "logistic_regression": {
        "tol": 0.01,
        "solver": "sag",
        "random_state": 42,
        "max_iter": 2000,
        "class_weight": "balanced",
        "C": 1.0
    },
    "lstm": {
        "hidden_size": 93,
        "num_layers": 1,
        "dropout": 0.2802579876282105,
        "learning_rate": 0.0006497613921339666,
        "batch_size": 16,
        "weight_decay": 0.008131381447862948
    },
    "transformer": {
        "d_model": 67,
        "num_layers": 1,
        "dropout": 0.3430600220792152,
        "learning_rate": 0.0014552958329926862,
        "batch_size": 16,
        "nhead": 2,
        "weight_decay": 0.005250101595707275
    }
}