{
    "svm": {
        "tol": 100.0,
        "probability": true,
        "kernel": "linear",
        "gamma": 0.1,
        "class_weight": "balanced",
        "C": 0.01
    },
    "logistic_regression": {
        "tol": 0.01,
        "solver": "newton-cg",
        "random_state": 42,
        "max_iter": 3000,
        "class_weight": "balanced",
        "C": 10.0
    },
    "lstm": {
        "hidden_size": 74,
        "num_layers": 2,
        "dropout": 0.4450853597010107,
        "learning_rate": 0.0013110202819324424,
        "batch_size": 32,
        "weight_decay": 0.0010595725084219878
    },
    "transformer": {
        "d_model": 68,
        "num_layers": 1,
        "dropout": 0.2008650742386334,
        "learning_rate": 0.0005043391254442534,
        "batch_size": 32,
        "nhead": 2,
        "weight_decay": 0.00010957468062971355
    }
}