{
    "svm": {
        "tol": 1.0,
        "probability": true,
        "kernel": "poly",
        "gamma": 1.0,
        "class_weight": "balanced",
        "C": 0.1
    },
    "logistic_regression": {
        "tol": 0.01,
        "solver": "lbfgs",
        "random_state": 42,
        "max_iter": 2000,
        "class_weight": "balanced",
        "C": 1.0
    },
    "lstm": {
        "hidden_size": 37,
        "num_layers": 2,
        "dropout": 0.4488645298191024,
        "learning_rate": 0.0007530846462673699,
        "batch_size": 64,
        "weight_decay": 0.00020594012095319803
    },
    "transformer": {
        "d_model": 63,
        "num_layers": 2,
        "dropout": 0.3752068082133068,
        "learning_rate": 0.000985706469638494,
        "batch_size": 64,
        "nhead": 4,
        "weight_decay": 0.0007176356030197975
    }
}