{
    "svm": {
        "tol": 0.1,
        "probability": true,
        "kernel": "linear",
        "gamma": 0.1,
        "class_weight": "balanced",
        "C": 10.0
    },
    "logistic_regression": {
        "tol": 0.01,
        "solver": "newton-cg",
        "random_state": 42,
        "max_iter": 1000,
        "class_weight": "balanced",
        "C": 100.0
    },
    "lstm": {
        "hidden_size": 57,
        "num_layers": 1,
        "dropout": 0.3073745291019512,
        "learning_rate": 0.0011981882190197453,
        "batch_size": 16,
        "weight_decay": 0.005243376993100751
    },
    "transformer": {
        "d_model": 78,
        "num_layers": 1,
        "dropout": 0.2540965542377933,
        "learning_rate": 0.0018981273254789482,
        "batch_size": 64,
        "nhead": 2,
        "weight_decay": 0.0007238313283058023
    }
}