{
    "svm": {
        "tol": 0.1,
        "probability": true,
        "kernel": "linear",
        "gamma": 0.001,
        "class_weight": "balanced",
        "C": 100.0
    },
    "logistic_regression": {
        "tol": 0.01,
        "solver": "newton-cg",
        "random_state": 42,
        "max_iter": 1000,
        "class_weight": "balanced",
        "C": 100.0
    },
    "lstm": {
        "hidden_size": 46,
        "num_layers": 1,
        "dropout": 0.2966955031931289,
        "learning_rate": 0.0009654891074222353,
        "batch_size": 64,
        "weight_decay": 0.00015948625457802608
    },
    "transformer": {
        "d_model": 73,
        "num_layers": 2,
        "dropout": 0.28054348322837763,
        "learning_rate": 0.0007600006669197037,
        "batch_size": 16,
        "nhead": 2,
        "weight_decay": 0.00018728409903009686
    }
}