{
    "svm": {
        "tol": 1.0,
        "probability": true,
        "kernel": "poly",
        "gamma": 1.0,
        "class_weight": "balanced",
        "C": 0.1
    },
    "logistic_regression": {
        "tol": 0.1,
        "solver": "sag",
        "random_state": 42,
        "max_iter": 2000,
        "class_weight": "balanced",
        "C": 10.0
    },
    "lstm": {
        "hidden_size": 43,
        "num_layers": 1,
        "dropout": 0.43984680920118047,
        "learning_rate": 0.0006745551820411833,
        "batch_size": 32,
        "weight_decay": 0.0008518345335434619
    },
    "transformer": {
        "d_model": 79,
        "num_layers": 2,
        "dropout": 0.2187036755092561,
        "learning_rate": 0.0011011452151202207,
        "batch_size": 32,
        "nhead": 2,
        "weight_decay": 0.0008120234141706477
    }
}