{
    "svm": {
        "tol": 0.1,
        "probability": true,
        "kernel": "linear",
        "gamma": 0.1,
        "class_weight": "balanced",
        "C": 10.0
    },
    "logistic_regression": {
        "tol": 0.01,
        "solver": "saga",
        "random_state": 42,
        "max_iter": 1000,
        "class_weight": "balanced",
        "C": 0.1
    },
    "lstm": {
        "hidden_size": 39,
        "num_layers": 1,
        "dropout": 0.31186983495386544,
        "learning_rate": 0.0005715069980728705,
        "batch_size": 64,
        "weight_decay": 0.003175330815722074
    },
    "transformer": {
        "d_model": 32,
        "num_layers": 2,
        "dropout": 0.3226550486703001,
        "learning_rate": 0.000622885219131273,
        "batch_size": 64,
        "nhead": 4,
        "weight_decay": 0.0002417433318060439
    }
}