{
    "svm": {
        "tol": 0.01,
        "probability": true,
        "kernel": "rbf",
        "gamma": 0.1,
        "class_weight": "balanced",
        "C": 100.0
    },
    "logistic_regression": {
        "tol": 0.01,
        "solver": "lbfgs",
        "random_state": 42,
        "max_iter": 2000,
        "class_weight": "balanced",
        "C": 0.0001
    },
    "lstm": {
        "hidden_size": 51,
        "num_layers": 2,
        "dropout": 0.2673731727597244,
        "learning_rate": 0.0012206943390879116,
        "batch_size": 32,
        "weight_decay": 0.00018511114406618488
    },
    "transformer": {
        "d_model": 56,
        "num_layers": 2,
        "dropout": 0.390129253335322,
        "learning_rate": 0.001448965254795197,
        "batch_size": 32,
        "nhead": 2,
        "weight_decay": 0.0012643859492736786
    }
}