{
    "svm": {
        "tol": 1.0,
        "probability": true,
        "kernel": "poly",
        "gamma": 1.0,
        "class_weight": "balanced",
        "C": 0.1
    },
    "logistic_regression": {
        "tol": 0.01,
        "solver": "newton-cg",
        "random_state": 42,
        "max_iter": 1000,
        "class_weight": "balanced",
        "C": 100.0
    },
    "lstm": {
        "hidden_size": 54,
        "num_layers": 2,
        "dropout": 0.2037512014116179,
        "learning_rate": 0.0007192067953140463,
        "batch_size": 64,
        "weight_decay": 0.00043225877444133293
    },
    "transformer": {
        "d_model": 32,
        "num_layers": 2,
        "dropout": 0.247686705463549,
        "learning_rate": 0.0005715266039889904,
        "batch_size": 32,
        "nhead": 2,
        "weight_decay": 0.002299255085858625
    }
}