{
    "svm": {
        "tol": 0.1,
        "probability": true,
        "kernel": "linear",
        "gamma": 0.001,
        "class_weight": "balanced",
        "C": 100.0
    },
    "logistic_regression": {
        "tol": 0.01,
        "solver": "lbfgs",
        "random_state": 42,
        "max_iter": 1000,
        "class_weight": "balanced",
        "C": 100.0
    },
    "lstm": {
        "hidden_size": 32,
        "num_layers": 1,
        "dropout": 0.27142474117474963,
        "learning_rate": 0.0006015681535016795,
        "batch_size": 32,
        "weight_decay": 0.0041735600934817525
    },
    "transformer": {
        "d_model": 73,
        "num_layers": 1,
        "dropout": 0.33540284902900774,
        "learning_rate": 0.0006195115799001956,
        "batch_size": 64,
        "nhead": 4,
        "weight_decay": 0.0011266393033339279
    }
}