{
    "svm": {
        "tol": 0.01,
        "probability": true,
        "kernel": "rbf",
        "gamma": 0.1,
        "class_weight": "balanced",
        "C": 100.0
    },
    "logistic_regression": {
        "tol": 0.01,
        "solver": "newton-cg",
        "random_state": 42,
        "max_iter": 2000,
        "class_weight": "balanced",
        "C": 1.0
    },
    "lstm": {
        "hidden_size": 41,
        "num_layers": 1,
        "dropout": 0.37681861362802893,
        "learning_rate": 0.000603956772078435,
        "batch_size": 16,
        "weight_decay": 0.005918599730449771
    },
    "transformer": {
        "d_model": 56,
        "num_layers": 2,
        "dropout": 0.35534524217736974,
        "learning_rate": 0.0005036857540289353,
        "batch_size": 16,
        "nhead": 4,
        "weight_decay": 0.0004788068259251653
    }
}