{
    "svm": {
        "tol": 0.01,
        "probability": true,
        "kernel": "rbf",
        "gamma": 0.1,
        "class_weight": "balanced",
        "C": 100.0
    },
    "logistic_regression": {
        "tol": 0.01,
        "solver": "newton-cg",
        "random_state": 42,
        "max_iter": 3000,
        "class_weight": "balanced",
        "C": 10.0
    },
    "lstm": {
        "hidden_size": 62,
        "num_layers": 1,
        "dropout": 0.390404480806561,
        "learning_rate": 0.0005105865267741794,
        "batch_size": 32,
        "weight_decay": 0.002746278453029226
    },
    "transformer": {
        "d_model": 54,
        "num_layers": 1,
        "dropout": 0.3554270294987126,
        "learning_rate": 0.0009233374655711768,
        "batch_size": 64,
        "nhead": 2,
        "weight_decay": 0.0013915938397805552
    }
}