{
    "svm": {
        "tol": 0.01,
        "probability": true,
        "kernel": "rbf",
        "gamma": 0.1,
        "class_weight": "balanced",
        "C": 100.0
    },
    "logistic_regression": {
        "tol": 0.01,
        "solver": "sag",
        "random_state": 42,
        "max_iter": 1000,
        "class_weight": "balanced",
        "C": 10.0
    },
    "lstm": {
        "hidden_size": 32,
        "num_layers": 2,
        "dropout": 0.276839102164848,
        "learning_rate": 0.0005729414035695978,
        "batch_size": 32,
        "weight_decay": 0.00011139895114005962
    },
    "transformer": {
        "d_model": 37,
        "num_layers": 2,
        "dropout": 0.3504439247015561,
        "learning_rate": 0.0005938744755784392,
        "batch_size": 32,
        "nhead": 2,
        "weight_decay": 0.003280897340911918
    }
}