{
    "svm": {
        "tol": 1.0,
        "probability": true,
        "kernel": "poly",
        "gamma": 0.01,
        "class_weight": "balanced",
        "C": 1.0
    },
    "logistic_regression": {
        "tol": 0.01,
        "solver": "sag",
        "random_state": 42,
        "max_iter": 1000,
        "class_weight": "balanced",
        "C": 10.0
    },
    "lstm": {
        "hidden_size": 43,
        "num_layers": 1,
        "dropout": 0.366671114138816,
        "learning_rate": 0.0005028922071273241,
        "batch_size": 32,
        "weight_decay": 0.00935472665762265
    },
    "transformer": {
        "d_model": 46,
        "num_layers": 2,
        "dropout": 0.2311311317129966,
        "learning_rate": 0.0017973922418911008,
        "batch_size": 16,
        "nhead": 2,
        "weight_decay": 0.0015891764767935748
    }
}