{
    "svm": {
        "tol": 0.01,
        "probability": true,
        "kernel": "rbf",
        "gamma": 0.1,
        "class_weight": "balanced",
        "C": 100.0
    },
    "logistic_regression": {
        "tol": 0.01,
        "solver": "newton-cg",
        "random_state": 42,
        "max_iter": 1000,
        "class_weight": "balanced",
        "C": 100.0
    },
    "lstm": {
        "hidden_size": 57,
        "num_layers": 2,
        "dropout": 0.25261027621061793,
        "learning_rate": 0.0011169913207412856,
        "batch_size": 16,
        "weight_decay": 0.0007093308600304405
    },
    "transformer": {
        "d_model": 93,
        "num_layers": 2,
        "dropout": 0.3354387155364807,
        "learning_rate": 0.0019789121458724203,
        "batch_size": 16,
        "nhead": 2,
        "weight_decay": 0.009390843946916388
    }
}