{
    "svm": {
        "tol": 1.0,
        "probability": true,
        "kernel": "rbf",
        "gamma": 0.01,
        "class_weight": "balanced",
        "C": 100.0
    },
    "logistic_regression": {
        "tol": 0.01,
        "solver": "lbfgs",
        "random_state": 42,
        "max_iter": 1000,
        "class_weight": "balanced",
        "C": 10.0
    },
    "lstm": {
        "hidden_size": 65,
        "num_layers": 1,
        "dropout": 0.3736740940014471,
        "learning_rate": 0.0008748615944582305,
        "batch_size": 16,
        "weight_decay": 0.00025119864537431736
    },
    "transformer": {
        "d_model": 35,
        "num_layers": 2,
        "dropout": 0.33635075798147873,
        "learning_rate": 0.0005108632649602966,
        "batch_size": 32,
        "nhead": 4,
        "weight_decay": 0.00340026678923896
    }
}