{
    "svm": {
        "tol": 0.01,
        "probability": true,
        "kernel": "rbf",
        "gamma": 0.1,
        "class_weight": "balanced",
        "C": 100.0
    },
    "logistic_regression": {
        "tol": 0.01,
        "solver": "lbfgs",
        "random_state": 42,
        "max_iter": 1000,
        "class_weight": "balanced",
        "C": 100.0
    },
    "lstm": {
        "hidden_size": 32,
        "num_layers": 2,
        "dropout": 0.38724154801019045,
        "learning_rate": 0.0007229759016029706,
        "batch_size": 64,
        "weight_decay": 0.005394677238047058
    },
    "transformer": {
        "d_model": 51,
        "num_layers": 2,
        "dropout": 0.4129265935875034,
        "learning_rate": 0.0015978618880245815,
        "batch_size": 16,
        "nhead": 4,
        "weight_decay": 0.0021202856557639566
    }
}