{
    "svm": {
        "tol": 100.0,
        "probability": true,
        "kernel": "linear",
        "gamma": 0.1,
        "class_weight": "balanced",
        "C": 0.01
    },
    "logistic_regression": {
        "tol": 0.01,
        "solver": "sag",
        "random_state": 42,
        "max_iter": 3000,
        "class_weight": "balanced",
        "C": 0.001
    },
    "lstm": {
        "hidden_size": 62,
        "num_layers": 1,
        "dropout": 0.29045910962640664,
        "learning_rate": 0.0005834797570756261,
        "batch_size": 64,
        "weight_decay": 0.000290430068452443
    },
    "transformer": {
        "d_model": 86,
        "num_layers": 2,
        "dropout": 0.29000494901154666,
        "learning_rate": 0.0013752888313594068,
        "batch_size": 64,
        "nhead": 4,
        "weight_decay": 0.0004831685527007937
    }
}