{
    "svm": {
        "tol": 0.1,
        "probability": true,
        "kernel": "poly",
        "gamma": 0.1,
        "class_weight": "balanced",
        "C": 0.1
    },
    "logistic_regression": {
        "tol": 0.01,
        "solver": "newton-cg",
        "random_state": 42,
        "max_iter": 3000,
        "class_weight": "balanced",
        "C": 10.0
    },
    "lstm": {
        "hidden_size": 60,
        "num_layers": 1,
        "dropout": 0.3845646577637862,
        "learning_rate": 0.0019861050941420736,
        "batch_size": 16,
        "weight_decay": 0.008624691611924959
    },
    "transformer": {
        "d_model": 70,
        "num_layers": 1,
        "dropout": 0.37009492009618083,
        "learning_rate": 0.0015488573315766087,
        "batch_size": 64,
        "nhead": 4,
        "weight_decay": 0.0019483027095120627
    }
}