{
    "svm": {
        "tol": 1.0,
        "probability": true,
        "kernel": "linear",
        "gamma": 0.001,
        "class_weight": "balanced",
        "C": 0.1
    },
    "logistic_regression": {
        "tol": 0.01,
        "solver": "lbfgs",
        "random_state": 42,
        "max_iter": 1000,
        "class_weight": "balanced",
        "C": 10.0
    },
    "lstm": {
        "hidden_size": 32,
        "num_layers": 2,
        "dropout": 0.4433715541821701,
        "learning_rate": 0.0013562156092405454,
        "batch_size": 16,
        "weight_decay": 0.0011330012120396968
    },
    "transformer": {
        "d_model": 62,
        "num_layers": 1,
        "dropout": 0.3478451337771392,
        "learning_rate": 0.0007234670701724885,
        "batch_size": 64,
        "nhead": 2,
        "weight_decay": 0.001139918052793405
    }
}