{
    "svm": {
        "tol": 0.1,
        "probability": true,
        "kernel": "linear",
        "gamma": 0.1,
        "class_weight": "balanced",
        "C": 10.0
    },
    "logistic_regression": {
        "tol": 0.01,
        "solver": "lbfgs",
        "random_state": 42,
        "max_iter": 1000,
        "class_weight": "balanced",
        "C": 100.0
    },
    "lstm": {
        "hidden_size": 32,
        "num_layers": 2,
        "dropout": 0.4458029327020169,
        "learning_rate": 0.0005438545972456982,
        "batch_size": 64,
        "weight_decay": 0.00011139813532352088
    },
    "transformer": {
        "d_model": 42,
        "num_layers": 2,
        "dropout": 0.4550212253280467,
        "learning_rate": 0.0007006753522206604,
        "batch_size": 64,
        "nhead": 4,
        "weight_decay": 0.0004760845296931452
    }
}