{
    "svm": {
        "tol": 1.0,
        "probability": true,
        "kernel": "linear",
        "gamma": 0.01,
        "class_weight": "balanced",
        "C": 10.0
    },
    "logistic_regression": {
        "tol": 0.01,
        "solver": "newton-cg",
        "random_state": 42,
        "max_iter": 1000,
        "class_weight": "balanced",
        "C": 100.0
    },
    "lstm": {
        "hidden_size": 34,
        "num_layers": 1,
        "dropout": 0.4650844711458272,
        "learning_rate": 0.0014437343117020098,
        "batch_size": 16,
        "weight_decay": 0.0056875243131265215
    },
    "transformer": {
        "d_model": 89,
        "num_layers": 2,
        "dropout": 0.34804170727953604,
        "learning_rate": 0.0017473909038692725,
        "batch_size": 32,
        "nhead": 4,
        "weight_decay": 0.0032593423525844804
    }
}