{
    "svm": {
        "tol": 0.1,
        "probability": true,
        "kernel": "linear",
        "gamma": 0.001,
        "class_weight": "balanced",
        "C": 100.0
    },
    "logistic_regression": {
        "tol": 0.01,
        "solver": "lbfgs",
        "random_state": 42,
        "max_iter": 2000,
        "class_weight": "balanced",
        "C": 0.0001
    },
    "lstm": {
        "hidden_size": 92,
        "num_layers": 2,
        "dropout": 0.3664260908415884,
        "learning_rate": 0.0012713378512160826,
        "batch_size": 16,
        "weight_decay": 0.0005269624234429493
    },
    "transformer": {
        "d_model": 91,
        "num_layers": 1,
        "dropout": 0.24618123602940067,
        "learning_rate": 0.0006036387658765693,
        "batch_size": 32,
        "nhead": 2,
        "weight_decay": 0.0009521593269032107
    }
}