{
    "svm": {
        "tol": 0.01,
        "probability": true,
        "kernel": "rbf",
        "gamma": 0.1,
        "class_weight": "balanced",
        "C": 100.0
    },
    "logistic_regression": {
        "tol": 1.0,
        "solver": "saga",
        "random_state": 42,
        "max_iter": 1000,
        "class_weight": "balanced",
        "C": 0.001
    },
    "lstm": {
        "hidden_size": 37,
        "num_layers": 1,
        "dropout": 0.25253550492901844,
        "learning_rate": 0.0005853553275028641,
        "batch_size": 64,
        "weight_decay": 0.0004193968078098149
    },
    "transformer": {
        "d_model": 33,
        "num_layers": 1,
        "dropout": 0.25934107228098496,
        "learning_rate": 0.0006721972542637891,
        "batch_size": 32,
        "nhead": 4,
        "weight_decay": 0.0009847599244630495
    }
}