{
    "svm": {
        "tol": 0.01,
        "probability": true,
        "kernel": "rbf",
        "gamma": 0.1,
        "class_weight": "balanced",
        "C": 100.0
    },
    "logistic_regression": {
        "tol": 0.01,
        "solver": "lbfgs",
        "random_state": 42,
        "max_iter": 1000,
        "class_weight": "balanced",
        "C": 100.0
    },
    "lstm": {
        "hidden_size": 41,
        "num_layers": 1,
        "dropout": 0.22414253078425705,
        "learning_rate": 0.0013241045795766172,
        "batch_size": 64,
        "weight_decay": 0.001931803897765884
    },
    "transformer": {
        "d_model": 78,
        "num_layers": 2,
        "dropout": 0.4612327279161433,
        "learning_rate": 0.000549247277294494,
        "batch_size": 16,
        "nhead": 2,
        "weight_decay": 0.007962458135568458
    }
}