{
    "svm": {
        "tol": 0.1,
        "probability": true,
        "kernel": "rbf",
        "gamma": 0.1,
        "class_weight": "balanced",
        "C": 10.0
    },
    "logistic_regression": {
        "tol": 0.01,
        "solver": "newton-cg",
        "random_state": 42,
        "max_iter": 2000,
        "class_weight": "balanced",
        "C": 1.0
    },
    "lstm": {
        "hidden_size": 83,
        "num_layers": 1,
        "dropout": 0.37919165351254347,
        "learning_rate": 0.0006769071898382752,
        "batch_size": 16,
        "weight_decay": 0.0007640528208998806
    },
    "transformer": {
        "d_model": 87,
        "num_layers": 1,
        "dropout": 0.4019575874362455,
        "learning_rate": 0.0017105358294216188,
        "batch_size": 64,
        "nhead": 4,
        "weight_decay": 0.00045116157603193813
    }
}