{
    "svm": {
        "tol": 0.01,
        "probability": true,
        "kernel": "rbf",
        "gamma": 0.1,
        "class_weight": "balanced",
        "C": 1.0
    },
    "logistic_regression": {
        "tol": 0.01,
        "solver": "lbfgs",
        "random_state": 42,
        "max_iter": 1000,
        "class_weight": "balanced",
        "C": 100.0
    },
    "lstm": {
        "hidden_size": 35,
        "num_layers": 1,
        "dropout": 0.43296643348214414,
        "learning_rate": 0.0006240661490967409,
        "batch_size": 32,
        "weight_decay": 0.009444728920026551
    },
    "transformer": {
        "d_model": 86,
        "num_layers": 2,
        "dropout": 0.2612885762188266,
        "learning_rate": 0.0013695070640797836,
        "batch_size": 32,
        "nhead": 4,
        "weight_decay": 0.001813160177196821
    }
}