{
    "svm": {
        "tol": 0.01,
        "probability": true,
        "kernel": "rbf",
        "gamma": 0.1,
        "class_weight": "balanced",
        "C": 100.0
    },
    "logistic_regression": {
        "tol": 0.01,
        "solver": "lbfgs",
        "random_state": 42,
        "max_iter": 2000,
        "class_weight": "balanced",
        "C": 0.0001
    },
    "lstm": {
        "hidden_size": 36,
        "num_layers": 2,
        "dropout": 0.20597743879996405,
        "learning_rate": 0.0006892215191083775,
        "batch_size": 64,
        "weight_decay": 0.0010904010880593846
    },
    "transformer": {
        "d_model": 54,
        "num_layers": 1,
        "dropout": 0.4964999425472366,
        "learning_rate": 0.0019609894112816006,
        "batch_size": 32,
        "nhead": 2,
        "weight_decay": 0.0011925673961342422
    }
}