{
    "svm": {
        "tol": 0.1,
        "probability": true,
        "kernel": "linear",
        "gamma": 0.1,
        "class_weight": "balanced",
        "C": 0.1
    },
    "logistic_regression": {
        "tol": 0.01,
        "solver": "lbfgs",
        "random_state": 42,
        "max_iter": 1000,
        "class_weight": "balanced",
        "C": 10.0
    },
    "lstm": {
        "hidden_size": 79,
        "num_layers": 2,
        "dropout": 0.48352597563180993,
        "learning_rate": 0.0009270723166687184,
        "batch_size": 64,
        "weight_decay": 0.00018537872942940952
    },
    "transformer": {
        "d_model": 63,
        "num_layers": 2,
        "dropout": 0.33320633183509996,
        "learning_rate": 0.0009079542517694118,
        "batch_size": 64,
        "nhead": 4,
        "weight_decay": 0.0008074732971591124
    }
}