{
    "svm": {
        "tol": 1.0,
        "probability": true,
        "kernel": "linear",
        "gamma": 0.01,
        "class_weight": "balanced",
        "C": 10.0
    },
    "logistic_regression": {
        "tol": 0.01,
        "solver": "newton-cg",
        "random_state": 42,
        "max_iter": 2000,
        "class_weight": "balanced",
        "C": 1.0
    },
    "lstm": {
        "hidden_size": 71,
        "num_layers": 2,
        "dropout": 0.41422384832967385,
        "learning_rate": 0.0005568432251114613,
        "batch_size": 64,
        "weight_decay": 0.00046833402534572264
    },
    "transformer": {
        "d_model": 77,
        "num_layers": 1,
        "dropout": 0.468770980643191,
        "learning_rate": 0.0008517008160437873,
        "batch_size": 64,
        "nhead": 4,
        "weight_decay": 0.0014897231477713996
    }
}