{
    "svm": {
        "tol": 0.01,
        "probability": true,
        "kernel": "rbf",
        "gamma": 0.1,
        "class_weight": "balanced",
        "C": 100.0
    },
    "logistic_regression": {
        "tol": 0.01,
        "solver": "lbfgs",
        "random_state": 42,
        "max_iter": 1000,
        "class_weight": "balanced",
        "C": 100.0
    },
    "lstm": {
        "hidden_size": 61,
        "num_layers": 1,
        "dropout": 0.3362802963180956,
        "learning_rate": 0.001449356261080184,
        "batch_size": 16,
        "weight_decay": 0.003963660159405996
    },
    "transformer": {
        "d_model": 86,
        "num_layers": 2,
        "dropout": 0.20968246931959508,
        "learning_rate": 0.0006591940535647192,
        "batch_size": 32,
        "nhead": 2,
        "weight_decay": 0.00010190971255761307
    }
}