{
    "svm": {
        "tol": 0.01,
        "probability": true,
        "kernel": "rbf",
        "gamma": 0.1,
        "class_weight": "balanced",
        "C": 100.0
    },
    "logistic_regression": {
        "tol": 0.01,
        "solver": "newton-cg",
        "random_state": 42,
        "max_iter": 2000,
        "class_weight": "balanced",
        "C": 1.0
    },
    "lstm": {
        "hidden_size": 40,
        "num_layers": 2,
        "dropout": 0.39499005514968255,
        "learning_rate": 0.0006716511862049305,
        "batch_size": 32,
        "weight_decay": 0.005424037823728992
    },
    "transformer": {
        "d_model": 32,
        "num_layers": 2,
        "dropout": 0.4419026972283168,
        "learning_rate": 0.0009187065024556263,
        "batch_size": 32,
        "nhead": 4,
        "weight_decay": 0.003700906893398728
    }
}