{
    "svm": {
        "tol": 0.01,
        "probability": true,
        "kernel": "rbf",
        "gamma": 0.1,
        "class_weight": "balanced",
        "C": 1.0
    },
    "logistic_regression": {
        "tol": 0.01,
        "solver": "lbfgs",
        "random_state": 42,
        "max_iter": 1000,
        "class_weight": "balanced",
        "C": 10.0
    },
    "lstm": {
        "hidden_size": 36,
        "num_layers": 2,
        "dropout": 0.33173581100960675,
        "learning_rate": 0.0005470225196876956,
        "batch_size": 32,
        "weight_decay": 0.0009456569004955072
    },
    "transformer": {
        "d_model": 86,
        "num_layers": 2,
        "dropout": 0.47501616803780106,
        "learning_rate": 0.001369352939743645,
        "batch_size": 16,
        "nhead": 4,
        "weight_decay": 0.0078833299929327
    }
}