{
    "svm": {
        "tol": 0.1,
        "probability": true,
        "kernel": "rbf",
        "gamma": 0.1,
        "class_weight": "balanced",
        "C": 10.0
    },
    "logistic_regression": {
        "tol": 0.01,
        "solver": "newton-cg",
        "random_state": 42,
        "max_iter": 3000,
        "class_weight": "balanced",
        "C": 10.0
    },
    "lstm": {
        "hidden_size": 43,
        "num_layers": 1,
        "dropout": 0.44190546972950917,
        "learning_rate": 0.0010060016501512866,
        "batch_size": 16,
        "weight_decay": 0.009554598590954163
    },
    "transformer": {
        "d_model": 91,
        "num_layers": 2,
        "dropout": 0.2577238741097558,
        "learning_rate": 0.0014143214109218728,
        "batch_size": 16,
        "nhead": 4,
        "weight_decay": 0.0038419727352156383
    }
}