{
    "svm": {
        "tol": 0.01,
        "probability": true,
        "kernel": "rbf",
        "gamma": 0.1,
        "class_weight": "balanced",
        "C": 1.0
    },
    "logistic_regression": {
        "tol": 0.01,
        "solver": "sag",
        "random_state": 42,
        "max_iter": 2000,
        "class_weight": "balanced",
        "C": 1.0
    },
    "lstm": {
        "hidden_size": 85,
        "num_layers": 2,
        "dropout": 0.2842459827379738,
        "learning_rate": 0.0007912898534751107,
        "batch_size": 64,
        "weight_decay": 0.008113379718606019
    },
    "transformer": {
        "d_model": 61,
        "num_layers": 2,
        "dropout": 0.27592210920693105,
        "learning_rate": 0.0009728004430139151,
        "batch_size": 64,
        "nhead": 2,
        "weight_decay": 0.00016075676642433184
    }
}