{
    "svm": {
        "tol": 0.01,
        "probability": true,
        "kernel": "rbf",
        "gamma": 0.1,
        "class_weight": "balanced",
        "C": 100.0
    },
    "logistic_regression": {
        "tol": 0.1,
        "solver": "sag",
        "random_state": 42,
        "max_iter": 2000,
        "class_weight": "balanced",
        "C": 10.0
    },
    "lstm": {
        "hidden_size": 42,
        "num_layers": 1,
        "dropout": 0.48244005447036176,
        "learning_rate": 0.001115496598680598,
        "batch_size": 16,
        "weight_decay": 0.0035678603102670646
    },
    "transformer": {
        "d_model": 90,
        "num_layers": 1,
        "dropout": 0.382491139902752,
        "learning_rate": 0.001636120467041135,
        "batch_size": 32,
        "nhead": 2,
        "weight_decay": 0.006277987911413352
    }
}