{
    "svm": {
        "tol": 0.01,
        "probability": true,
        "kernel": "rbf",
        "gamma": 0.1,
        "class_weight": "balanced",
        "C": 100.0
    },
    "logistic_regression": {
        "tol": 0.01,
        "solver": "newton-cg",
        "random_state": 42,
        "max_iter": 3000,
        "class_weight": "balanced",
        "C": 10.0
    },
    "lstm": {
        "hidden_size": 55,
        "num_layers": 1,
        "dropout": 0.49806802137591016,
        "learning_rate": 0.0005118588492605328,
        "batch_size": 64,
        "weight_decay": 0.0004345628226547675
    },
    "transformer": {
        "d_model": 85,
        "num_layers": 2,
        "dropout": 0.4625468685447643,
        "learning_rate": 0.0018240002817413307,
        "batch_size": 16,
        "nhead": 4,
        "weight_decay": 0.00027460185735286906
    }
}