{
    "svm": {
        "tol": 100.0,
        "probability": true,
        "kernel": "linear",
        "gamma": 0.1,
        "class_weight": "balanced",
        "C": 0.01
    },
    "logistic_regression": {
        "tol": 0.01,
        "solver": "lbfgs",
        "random_state": 42,
        "max_iter": 2000,
        "class_weight": "balanced",
        "C": 0.0001
    },
    "lstm": {
        "hidden_size": 59,
        "num_layers": 1,
        "dropout": 0.410706616325518,
        "learning_rate": 0.0007197458581676606,
        "batch_size": 64,
        "weight_decay": 0.00036049641838178974
    },
    "transformer": {
        "d_model": 94,
        "num_layers": 1,
        "dropout": 0.4947996597352692,
        "learning_rate": 0.0009155080394103122,
        "batch_size": 64,
        "nhead": 2,
        "weight_decay": 0.00025835453956905976
    }
}