{
    "svm": {
        "tol": 1.0,
        "probability": true,
        "kernel": "rbf",
        "gamma": 0.01,
        "class_weight": "balanced",
        "C": 100.0
    },
    "logistic_regression": {
        "tol": 0.01,
        "solver": "saga",
        "random_state": 42,
        "max_iter": 3000,
        "class_weight": "balanced",
        "C": 10.0
    },
    "lstm": {
        "hidden_size": 95,
        "num_layers": 1,
        "dropout": 0.3299503594261864,
        "learning_rate": 0.0005737351436481804,
        "batch_size": 32,
        "weight_decay": 0.00010380603923385987
    },
    "transformer": {
        "d_model": 32,
        "num_layers": 1,
        "dropout": 0.4877185650090223,
        "learning_rate": 0.0010347574666319888,
        "batch_size": 32,
        "nhead": 4,
        "weight_decay": 0.009928096355228549
    }
}