{
    "svm": {
        "tol": 0.01,
        "probability": true,
        "kernel": "rbf",
        "gamma": 0.1,
        "class_weight": "balanced",
        "C": 100.0
    },
    "logistic_regression": {
        "tol": 0.1,
        "solver": "saga",
        "random_state": 42,
        "max_iter": 1000,
        "class_weight": "balanced",
        "C": 0.01
    },
    "lstm": {
        "hidden_size": 48,
        "num_layers": 2,
        "dropout": 0.47002111395381013,
        "learning_rate": 0.0009544861635927633,
        "batch_size": 16,
        "weight_decay": 0.0002447441345315465
    },
    "transformer": {
        "d_model": 63,
        "num_layers": 2,
        "dropout": 0.2223514097274804,
        "learning_rate": 0.0015534914805086495,
        "batch_size": 16,
        "nhead": 4,
        "weight_decay": 0.0008831680091450239
    }
}