{
    "svm": {
        "tol": 1.0,
        "probability": true,
        "kernel": "linear",
        "gamma": 1.0,
        "class_weight": "balanced",
        "C": 100.0
    },
    "logistic_regression": {
        "tol": 0.01,
        "solver": "newton-cg",
        "random_state": 42,
        "max_iter": 3000,
        "class_weight": "balanced",
        "C": 10.0
    },
    "lstm": {
        "hidden_size": 42,
        "num_layers": 1,
        "dropout": 0.3991398285788485,
        "learning_rate": 0.0005186170876266842,
        "batch_size": 32,
        "weight_decay": 0.000564753165766643
    },
    "transformer": {
        "d_model": 33,
        "num_layers": 2,
        "dropout": 0.4541264493554149,
        "learning_rate": 0.0005048457892468836,
        "batch_size": 32,
        "nhead": 4,
        "weight_decay": 0.008522209029633021
    }
}