{
    "svm": {
        "tol": 0.01,
        "probability": true,
        "kernel": "rbf",
        "gamma": 0.1,
        "class_weight": "balanced",
        "C": 100.0
    },
    "logistic_regression": {
        "tol": 1.0,
        "solver": "sag",
        "random_state": 42,
        "max_iter": 3000,
        "class_weight": "balanced",
        "C": 0.0001
    },
    "lstm": {
        "hidden_size": 33,
        "num_layers": 1,
        "dropout": 0.20067510808317743,
        "learning_rate": 0.0006132306938802535,
        "batch_size": 32,
        "weight_decay": 0.009313562748314515
    },
    "transformer": {
        "d_model": 91,
        "num_layers": 2,
        "dropout": 0.2280492284628593,
        "learning_rate": 0.0016105397335901836,
        "batch_size": 32,
        "nhead": 4,
        "weight_decay": 0.003053277388041112
    }
}