{
    "svm": {
        "tol": 0.01,
        "probability": true,
        "kernel": "rbf",
        "gamma": 0.1,
        "class_weight": "balanced",
        "C": 100.0
    },
    "logistic_regression": {
        "tol": 0.01,
        "solver": "lbfgs",
        "random_state": 42,
        "max_iter": 1000,
        "class_weight": "balanced",
        "C": 10.0
    },
    "lstm": {
        "hidden_size": 85,
        "num_layers": 2,
        "dropout": 0.3531539466069238,
        "learning_rate": 0.0016626055978514066,
        "batch_size": 16,
        "weight_decay": 0.00026893692914127586
    },
    "transformer": {
        "d_model": 48,
        "num_layers": 1,
        "dropout": 0.4793666449954544,
        "learning_rate": 0.0015426205392921038,
        "batch_size": 16,
        "nhead": 4,
        "weight_decay": 0.00011798351507851277
    }
}