{
    "svm": {
        "tol": 0.01,
        "probability": true,
        "kernel": "rbf",
        "gamma": 0.1,
        "class_weight": "balanced",
        "C": 100.0
    },
    "logistic_regression": {
        "tol": 0.01,
        "solver": "newton-cg",
        "random_state": 42,
        "max_iter": 3000,
        "class_weight": "balanced",
        "C": 10.0
    },
    "lstm": {
        "hidden_size": 73,
        "num_layers": 2,
        "dropout": 0.4455083001039093,
        "learning_rate": 0.0013829536122586337,
        "batch_size": 16,
        "weight_decay": 0.00015745438291227487
    },
    "transformer": {
        "d_model": 69,
        "num_layers": 1,
        "dropout": 0.29538733833659037,
        "learning_rate": 0.0006057704366523513,
        "batch_size": 16,
        "nhead": 2,
        "weight_decay": 0.0008697222602757005
    }
}