{
    "svm": {
        "tol": 0.01,
        "probability": true,
        "kernel": "rbf",
        "gamma": 0.1,
        "class_weight": "balanced",
        "C": 100.0
    },
    "logistic_regression": {
        "tol": 0.01,
        "solver": "newton-cg",
        "random_state": 42,
        "max_iter": 1000,
        "class_weight": "balanced",
        "C": 100.0
    },
    "lstm": {
        "hidden_size": 37,
        "num_layers": 1,
        "dropout": 0.4682271161144309,
        "learning_rate": 0.0007149006760481405,
        "batch_size": 64,
        "weight_decay": 0.0012558498231919782
    },
    "transformer": {
        "d_model": 53,
        "num_layers": 2,
        "dropout": 0.3348829634761029,
        "learning_rate": 0.0014559006127716262,
        "batch_size": 64,
        "nhead": 4,
        "weight_decay": 0.005418730549971515
    }
}