{
    "svm": {
        "tol": 0.01,
        "probability": true,
        "kernel": "rbf",
        "gamma": 0.1,
        "class_weight": "balanced",
        "C": 100.0
    },
    "logistic_regression": {
        "tol": 0.01,
        "solver": "newton-cg",
        "random_state": 42,
        "max_iter": 1000,
        "class_weight": "balanced",
        "C": 100.0
    },
    "lstm": {
        "hidden_size": 46,
        "num_layers": 1,
        "dropout": 0.4766074441628623,
        "learning_rate": 0.0005882829289491472,
        "batch_size": 32,
        "weight_decay": 0.0004572109248505445
    },
    "transformer": {
        "d_model": 79,
        "num_layers": 2,
        "dropout": 0.4146324700133568,
        "learning_rate": 0.0018172290734995667,
        "batch_size": 16,
        "nhead": 2,
        "weight_decay": 0.0017702921656239086
    }
}