{
    "svm": {
        "tol": 1.0,
        "probability": true,
        "kernel": "linear",
        "gamma": 1.0,
        "class_weight": "balanced",
        "C": 100.0
    },
    "logistic_regression": {
        "tol": 0.01,
        "solver": "newton-cg",
        "random_state": 42,
        "max_iter": 3000,
        "class_weight": "balanced",
        "C": 10.0
    },
    "lstm": {
        "hidden_size": 34,
        "num_layers": 1,
        "dropout": 0.2571157842748667,
        "learning_rate": 0.0005380995218312169,
        "batch_size": 64,
        "weight_decay": 0.009075547135929165
    },
    "transformer": {
        "d_model": 82,
        "num_layers": 1,
        "dropout": 0.4815572472104386,
        "learning_rate": 0.0009272270883796196,
        "batch_size": 16,
        "nhead": 4,
        "weight_decay": 0.006119485630397037
    }
}