{
    "svm": {
        "tol": 0.01,
        "probability": true,
        "kernel": "rbf",
        "gamma": 0.1,
        "class_weight": "balanced",
        "C": 100.0
    },
    "logistic_regression": {
        "tol": 0.01,
        "solver": "lbfgs",
        "random_state": 42,
        "max_iter": 1000,
        "class_weight": "balanced",
        "C": 100.0
    },
    "lstm": {
        "hidden_size": 86,
        "num_layers": 2,
        "dropout": 0.2632541274588142,
        "learning_rate": 0.0008034915990971564,
        "batch_size": 16,
        "weight_decay": 0.0014382300693870362
    },
    "transformer": {
        "d_model": 89,
        "num_layers": 2,
        "dropout": 0.33124154583637466,
        "learning_rate": 0.0012361752925294897,
        "batch_size": 32,
        "nhead": 2,
        "weight_decay": 0.001071536063951327
    }
}