{
    "svm": {
        "tol": 0.01,
        "probability": true,
        "kernel": "rbf",
        "gamma": 0.1,
        "class_weight": "balanced",
        "C": 100.0
    },
    "logistic_regression": {
        "tol": 0.01,
        "solver": "newton-cg",
        "random_state": 42,
        "max_iter": 1000,
        "class_weight": "balanced",
        "C": 100.0
    },
    "lstm": {
        "hidden_size": 34,
        "num_layers": 2,
        "dropout": 0.4919750407663047,
        "learning_rate": 0.0005020080554012736,
        "batch_size": 64,
        "weight_decay": 0.0008525162256873292
    },
    "transformer": {
        "d_model": 84,
        "num_layers": 2,
        "dropout": 0.2128231897729635,
        "learning_rate": 0.0011910332448919387,
        "batch_size": 64,
        "nhead": 4,
        "weight_decay": 0.00010705097773195234
    }
}