{
    "svm": {
        "tol": 0.1,
        "probability": true,
        "kernel": "poly",
        "gamma": 0.1,
        "class_weight": "balanced",
        "C": 0.1
    },
    "logistic_regression": {
        "tol": 0.1,
        "solver": "saga",
        "random_state": 42,
        "max_iter": 1000,
        "class_weight": "balanced",
        "C": 0.0001
    },
    "lstm": {
        "hidden_size": 93,
        "num_layers": 2,
        "dropout": 0.22035097249479596,
        "learning_rate": 0.00088772776273709,
        "batch_size": 64,
        "weight_decay": 0.001723581084669437
    },
    "transformer": {
        "d_model": 47,
        "num_layers": 2,
        "dropout": 0.4459152721509908,
        "learning_rate": 0.0015836775562465654,
        "batch_size": 64,
        "nhead": 2,
        "weight_decay": 0.00014855039381434374
    }
}