{
    "svm": {
        "tol": 0.1,
        "probability": true,
        "kernel": "rbf",
        "gamma": 0.1,
        "class_weight": "balanced",
        "C": 10.0
    },
    "logistic_regression": {
        "tol": 1.0,
        "solver": "sag",
        "random_state": 42,
        "max_iter": 3000,
        "class_weight": "balanced",
        "C": 0.0001
    },
    "lstm": {
        "hidden_size": 95,
        "num_layers": 2,
        "dropout": 0.2063018830704523,
        "learning_rate": 0.0018781536623649216,
        "batch_size": 16,
        "weight_decay": 0.00010598896222899828
    },
    "transformer": {
        "d_model": 75,
        "num_layers": 2,
        "dropout": 0.3444280972348874,
        "learning_rate": 0.0014119589039889632,
        "batch_size": 16,
        "nhead": 4,
        "weight_decay": 0.009286192138067577
    }
}