{
    "svm": {
        "tol": 0.01,
        "probability": true,
        "kernel": "rbf",
        "gamma": 0.1,
        "class_weight": "balanced",
        "C": 100.0
    },
    "logistic_regression": {
        "tol": 0.01,
        "solver": "newton-cg",
        "random_state": 42,
        "max_iter": 3000,
        "class_weight": "balanced",
        "C": 10.0
    },
    "lstm": {
        "hidden_size": 74,
        "num_layers": 1,
        "dropout": 0.33403416826141347,
        "learning_rate": 0.0009439324427764245,
        "batch_size": 32,
        "weight_decay": 0.0005314434711648473
    },
    "transformer": {
        "d_model": 34,
        "num_layers": 2,
        "dropout": 0.30054002944903113,
        "learning_rate": 0.0006490927522027757,
        "batch_size": 64,
        "nhead": 2,
        "weight_decay": 0.0025260105632366014
    }
}