{
    "svm": {
        "tol": 0.01,
        "probability": true,
        "kernel": "rbf",
        "gamma": 0.1,
        "class_weight": "balanced",
        "C": 100.0
    },
    "logistic_regression": {
        "tol": 0.01,
        "solver": "lbfgs",
        "random_state": 42,
        "max_iter": 2000,
        "class_weight": "balanced",
        "C": 1.0
    },
    "lstm": {
        "hidden_size": 32,
        "num_layers": 2,
        "dropout": 0.29723716477841283,
        "learning_rate": 0.0007419014480145438,
        "batch_size": 32,
        "weight_decay": 0.00012413621310527898
    },
    "transformer": {
        "d_model": 87,
        "num_layers": 2,
        "dropout": 0.2578481681383367,
        "learning_rate": 0.000716964029079965,
        "batch_size": 32,
        "nhead": 2,
        "weight_decay": 0.006974708835344094
    }
}