{
    "svm": {
        "tol": 0.01,
        "probability": true,
        "kernel": "rbf",
        "gamma": 0.1,
        "class_weight": "balanced",
        "C": 100.0
    },
    "logistic_regression": {
        "tol": 0.01,
        "solver": "lbfgs",
        "random_state": 42,
        "max_iter": 1000,
        "class_weight": "balanced",
        "C": 100.0
    },
    "lstm": {
        "hidden_size": 57,
        "num_layers": 2,
        "dropout": 0.3317818130408614,
        "learning_rate": 0.0009506375601915751,
        "batch_size": 16,
        "weight_decay": 0.0011886244233483068
    },
    "transformer": {
        "d_model": 78,
        "num_layers": 2,
        "dropout": 0.3961706169411183,
        "learning_rate": 0.0019396640500196453,
        "batch_size": 16,
        "nhead": 2,
        "weight_decay": 0.0008475934885179283
    }
}