{
    "svm": {
        "tol": 0.01,
        "probability": true,
        "kernel": "rbf",
        "gamma": 0.1,
        "class_weight": "balanced",
        "C": 1.0
    },
    "logistic_regression": {
        "tol": 1.0,
        "solver": "saga",
        "random_state": 42,
        "max_iter": 2000,
        "class_weight": "balanced",
        "C": 100.0
    },
    "lstm": {
        "hidden_size": 76,
        "num_layers": 2,
        "dropout": 0.4004587690218586,
        "learning_rate": 0.000993931976862533,
        "batch_size": 64,
        "weight_decay": 0.003655298188551256
    },
    "transformer": {
        "d_model": 46,
        "num_layers": 1,
        "dropout": 0.2597706671532407,
        "learning_rate": 0.0016545941230583104,
        "batch_size": 64,
        "nhead": 2,
        "weight_decay": 0.00021738538671057579
    }
}