{
    "svm": {
        "tol": 0.1,
        "probability": true,
        "kernel": "poly",
        "gamma": 1.0,
        "class_weight": "balanced",
        "C": 100.0
    },
    "logistic_regression": {
        "tol": 0.01,
        "solver": "sag",
        "random_state": 42,
        "max_iter": 1000,
        "class_weight": "balanced",
        "C": 10.0
    },
    "lstm": {
        "hidden_size": 33,
        "num_layers": 1,
        "dropout": 0.4425218260709227,
        "learning_rate": 0.0005884166425478781,
        "batch_size": 32,
        "weight_decay": 0.0010816152459317647
    },
    "transformer": {
        "d_model": 86,
        "num_layers": 2,
        "dropout": 0.4366343422431149,
        "learning_rate": 0.0019807320907193485,
        "batch_size": 16,
        "nhead": 2,
        "weight_decay": 0.0002732567903116875
    }
}