{
    "svm": {
        "tol": 0.01,
        "probability": true,
        "kernel": "rbf",
        "gamma": 0.1,
        "class_weight": "balanced",
        "C": 100.0
    },
    "logistic_regression": {
        "tol": 0.01,
        "solver": "newton-cg",
        "random_state": 42,
        "max_iter": 1000,
        "class_weight": "balanced",
        "C": 100.0
    },
    "lstm": {
        "hidden_size": 34,
        "num_layers": 1,
        "dropout": 0.3578971003588122,
        "learning_rate": 0.0005866660662898174,
        "batch_size": 16,
        "weight_decay": 0.0014580531737950829
    },
    "transformer": {
        "d_model": 46,
        "num_layers": 2,
        "dropout": 0.4815683861573237,
        "learning_rate": 0.0012435186142319074,
        "batch_size": 32,
        "nhead": 4,
        "weight_decay": 0.0008067570623831703
    }
}