{
    "svm": {
        "tol": 0.01,
        "probability": true,
        "kernel": "rbf",
        "gamma": 0.1,
        "class_weight": "balanced",
        "C": 100.0
    },
    "logistic_regression": {
        "tol": 0.01,
        "solver": "newton-cg",
        "random_state": 42,
        "max_iter": 1000,
        "class_weight": "balanced",
        "C": 100.0
    },
    "lstm": {
        "hidden_size": 47,
        "num_layers": 1,
        "dropout": 0.42923752341661797,
        "learning_rate": 0.0005894364057895538,
        "batch_size": 64,
        "weight_decay": 0.00027925148144972275
    },
    "transformer": {
        "d_model": 95,
        "num_layers": 2,
        "dropout": 0.31706178214856073,
        "learning_rate": 0.0018249587992689843,
        "batch_size": 16,
        "nhead": 4,
        "weight_decay": 0.0004005667467338792
    }
}