{
    "svm": {
        "tol": 0.01,
        "probability": true,
        "kernel": "rbf",
        "gamma": 0.1,
        "class_weight": "balanced",
        "C": 100.0
    },
    "logistic_regression": {
        "tol": 0.1,
        "solver": "sag",
        "random_state": 42,
        "max_iter": 3000,
        "class_weight": "balanced",
        "C": 1.0
    },
    "lstm": {
        "hidden_size": 53,
        "num_layers": 2,
        "dropout": 0.2220824720609037,
        "learning_rate": 0.0005169668214364148,
        "batch_size": 16,
        "weight_decay": 0.007764867110069898
    },
    "transformer": {
        "d_model": 37,
        "num_layers": 1,
        "dropout": 0.400529131813212,
        "learning_rate": 0.0012136237857727958,
        "batch_size": 16,
        "nhead": 4,
        "weight_decay": 0.0040209980714500234
    }
}