{
    "svm": {
        "tol": 0.01,
        "probability": true,
        "kernel": "rbf",
        "gamma": 0.1,
        "class_weight": "balanced",
        "C": 100.0
    },
    "logistic_regression": {
        "tol": 0.01,
        "solver": "lbfgs",
        "random_state": 42,
        "max_iter": 1000,
        "class_weight": "balanced",
        "C": 10.0
    },
    "lstm": {
        "hidden_size": 78,
        "num_layers": 2,
        "dropout": 0.3151515884305222,
        "learning_rate": 0.0005564046235483396,
        "batch_size": 16,
        "weight_decay": 0.001986555646401958
    },
    "transformer": {
        "d_model": 43,
        "num_layers": 2,
        "dropout": 0.45062294872905234,
        "learning_rate": 0.0009967653644150439,
        "batch_size": 64,
        "nhead": 4,
        "weight_decay": 0.0031841347428591413
    }
}