{
    "svm": {
        "tol": 0.01,
        "probability": true,
        "kernel": "rbf",
        "gamma": 0.1,
        "class_weight": "balanced",
        "C": 1.0
    },
    "logistic_regression": {
        "tol": 0.01,
        "solver": "lbfgs",
        "random_state": 42,
        "max_iter": 2000,
        "class_weight": "balanced",
        "C": 1.0
    },
    "lstm": {
        "hidden_size": 32,
        "num_layers": 1,
        "dropout": 0.4223700439086815,
        "learning_rate": 0.00057601782082294,
        "batch_size": 64,
        "weight_decay": 0.00027912241281429623
    },
    "transformer": {
        "d_model": 77,
        "num_layers": 2,
        "dropout": 0.4830156420456564,
        "learning_rate": 0.0012231664740066067,
        "batch_size": 32,
        "nhead": 2,
        "weight_decay": 0.0005452082521994021
    }
}