{
    "svm": {
        "tol": 1.0,
        "probability": true,
        "kernel": "linear",
        "gamma": 1.0,
        "class_weight": "balanced",
        "C": 100.0
    },
    "logistic_regression": {
        "tol": 1.0,
        "solver": "sag",
        "random_state": 42,
        "max_iter": 3000,
        "class_weight": "balanced",
        "C": 1.0
    },
    "lstm": {
        "hidden_size": 67,
        "num_layers": 2,
        "dropout": 0.44421723517609013,
        "learning_rate": 0.0005001525269894299,
        "batch_size": 64,
        "weight_decay": 0.008923425536430017
    },
    "transformer": {
        "d_model": 39,
        "num_layers": 2,
        "dropout": 0.4976804543933719,
        "learning_rate": 0.0006059294901721566,
        "batch_size": 16,
        "nhead": 4,
        "weight_decay": 0.0006916191930851308
    }
}