{
    "svm": {
        "tol": 0.1,
        "probability": true,
        "kernel": "rbf",
        "gamma": 0.1,
        "class_weight": "balanced",
        "C": 10.0
    },
    "logistic_regression": {
        "tol": 0.01,
        "solver": "sag",
        "random_state": 42,
        "max_iter": 3000,
        "class_weight": "balanced",
        "C": 100.0
    },
    "lstm": {
        "hidden_size": 63,
        "num_layers": 1,
        "dropout": 0.3813092172485436,
        "learning_rate": 0.0009775422480066687,
        "batch_size": 16,
        "weight_decay": 0.00013446618435258354
    },
    "transformer": {
        "d_model": 33,
        "num_layers": 2,
        "dropout": 0.4633614016473293,
        "learning_rate": 0.0008275353853764251,
        "batch_size": 32,
        "nhead": 4,
        "weight_decay": 0.003816105906854489
    }
}