{
    "svm": {
        "tol": 100.0,
        "probability": true,
        "kernel": "linear",
        "gamma": 0.1,
        "class_weight": "balanced",
        "C": 0.01
    },
    "logistic_regression": {
        "tol": 0.01,
        "solver": "lbfgs",
        "random_state": 42,
        "max_iter": 2000,
        "class_weight": "balanced",
        "C": 0.0001
    },
    "lstm": {
        "hidden_size": 32,
        "num_layers": 1,
        "dropout": 0.49563460676177185,
        "learning_rate": 0.0006349228466785804,
        "batch_size": 64,
        "weight_decay": 0.0014100325523688946
    },
    "transformer": {
        "d_model": 96,
        "num_layers": 2,
        "dropout": 0.25128135990989053,
        "learning_rate": 0.0012523863381595985,
        "batch_size": 16,
        "nhead": 2,
        "weight_decay": 0.0014949435747846037
    }
}