{
    "svm": {
        "tol": 0.01,
        "probability": true,
        "kernel": "rbf",
        "gamma": 0.1,
        "class_weight": "balanced",
        "C": 100.0
    },
    "logistic_regression": {
        "tol": 0.01,
        "solver": "newton-cg",
        "random_state": 42,
        "max_iter": 3000,
        "class_weight": "balanced",
        "C": 10.0
    },
    "lstm": {
        "hidden_size": 33,
        "num_layers": 2,
        "dropout": 0.4376316231583815,
        "learning_rate": 0.0005069277302626192,
        "batch_size": 64,
        "weight_decay": 0.0010066106545150238
    },
    "transformer": {
        "d_model": 44,
        "num_layers": 2,
        "dropout": 0.4443206728665682,
        "learning_rate": 0.0005379038971508672,
        "batch_size": 32,
        "nhead": 2,
        "weight_decay": 0.0033965920671423953
    }
}