{
    "svm": {
        "tol": 0.01,
        "probability": true,
        "kernel": "rbf",
        "gamma": 0.1,
        "class_weight": "balanced",
        "C": 100.0
    },
    "logistic_regression": {
        "tol": 1.0,
        "solver": "sag",
        "random_state": 42,
        "max_iter": 3000,
        "class_weight": "balanced",
        "C": 0.0001
    },
    "lstm": {
        "hidden_size": 64,
        "num_layers": 1,
        "dropout": 0.4346674866851579,
        "learning_rate": 0.0009347144879088435,
        "batch_size": 32,
        "weight_decay": 0.002470178407711449
    },
    "transformer": {
        "d_model": 32,
        "num_layers": 2,
        "dropout": 0.42618705627349585,
        "learning_rate": 0.0007851291091404764,
        "batch_size": 16,
        "nhead": 2,
        "weight_decay": 0.00358601866866554
    }
}