{
    "svm": {
        "tol": 0.01,
        "probability": true,
        "kernel": "rbf",
        "gamma": 0.1,
        "class_weight": "balanced",
        "C": 100.0
    },
    "logistic_regression": {
        "tol": 0.01,
        "solver": "newton-cg",
        "random_state": 42,
        "max_iter": 3000,
        "class_weight": "balanced",
        "C": 10.0
    },
    "lstm": {
        "hidden_size": 72,
        "num_layers": 2,
        "dropout": 0.4179905965260425,
        "learning_rate": 0.0007169935852391163,
        "batch_size": 32,
        "weight_decay": 0.0033410782596803483
    },
    "transformer": {
        "d_model": 80,
        "num_layers": 2,
        "dropout": 0.34967912197887546,
        "learning_rate": 0.0006190776117371337,
        "batch_size": 32,
        "nhead": 4,
        "weight_decay": 0.0010034056598134482
    }
}