{
    "svm": {
        "tol": 0.01,
        "probability": true,
        "kernel": "rbf",
        "gamma": 0.1,
        "class_weight": "balanced",
        "C": 100.0
    },
    "logistic_regression": {
        "tol": 0.01,
        "solver": "sag",
        "random_state": 42,
        "max_iter": 3000,
        "class_weight": "balanced",
        "C": 100.0
    },
    "lstm": {
        "hidden_size": 32,
        "num_layers": 1,
        "dropout": 0.4725956307056648,
        "learning_rate": 0.0005003685240649738,
        "batch_size": 32,
        "weight_decay": 0.006501762263302358
    },
    "transformer": {
        "d_model": 59,
        "num_layers": 1,
        "dropout": 0.43879757712368783,
        "learning_rate": 0.0015482640959455557,
        "batch_size": 16,
        "nhead": 4,
        "weight_decay": 0.00126953899871339
    }
}