{
    "svm": {
        "tol": 0.01,
        "probability": true,
        "kernel": "rbf",
        "gamma": 0.1,
        "class_weight": "balanced",
        "C": 100.0
    },
    "logistic_regression": {
        "tol": 0.01,
        "solver": "newton-cg",
        "random_state": 42,
        "max_iter": 2000,
        "class_weight": "balanced",
        "C": 1.0
    },
    "lstm": {
        "hidden_size": 32,
        "num_layers": 2,
        "dropout": 0.251448560711494,
        "learning_rate": 0.0018530196174483748,
        "batch_size": 64,
        "weight_decay": 0.0007598962959902894
    },
    "transformer": {
        "d_model": 51,
        "num_layers": 2,
        "dropout": 0.3831508054686535,
        "learning_rate": 0.000981815330481856,
        "batch_size": 32,
        "nhead": 4,
        "weight_decay": 0.0025354686675883135
    }
}