{
    "svm": {
        "tol": 1.0,
        "probability": true,
        "kernel": "linear",
        "gamma": 1.0,
        "class_weight": "balanced",
        "C": 100.0
    },
    "logistic_regression": {
        "tol": 0.01,
        "solver": "sag",
        "random_state": 42,
        "max_iter": 1000,
        "class_weight": "balanced",
        "C": 10.0
    },
    "lstm": {
        "hidden_size": 48,
        "num_layers": 2,
        "dropout": 0.24482340352729373,
        "learning_rate": 0.0006289776182655421,
        "batch_size": 16,
        "weight_decay": 0.0017655526560708071
    },
    "transformer": {
        "d_model": 93,
        "num_layers": 2,
        "dropout": 0.3102091628658532,
        "learning_rate": 0.0012569292583768322,
        "batch_size": 64,
        "nhead": 2,
        "weight_decay": 0.00038914122359927356
    }
}