{
    "svm": {
        "tol": 0.1,
        "probability": true,
        "kernel": "rbf",
        "gamma": 0.1,
        "class_weight": "balanced",
        "C": 10.0
    },
    "logistic_regression": {
        "tol": 0.01,
        "solver": "lbfgs",
        "random_state": 42,
        "max_iter": 1000,
        "class_weight": "balanced",
        "C": 100.0
    },
    "lstm": {
        "hidden_size": 32,
        "num_layers": 2,
        "dropout": 0.29895034015177474,
        "learning_rate": 0.0005464909752305119,
        "batch_size": 64,
        "weight_decay": 0.0037060176366501296
    },
    "transformer": {
        "d_model": 33,
        "num_layers": 1,
        "dropout": 0.4077703761382151,
        "learning_rate": 0.001418286623893832,
        "batch_size": 32,
        "nhead": 2,
        "weight_decay": 0.00815016325690109
    }
}