{
    "svm": {
        "tol": 0.01,
        "probability": true,
        "kernel": "rbf",
        "gamma": 0.1,
        "class_weight": "balanced",
        "C": 100.0
    },
    "logistic_regression": {
        "tol": 0.01,
        "solver": "lbfgs",
        "random_state": 42,
        "max_iter": 1000,
        "class_weight": "balanced",
        "C": 100.0
    },
    "lstm": {
        "hidden_size": 33,
        "num_layers": 1,
        "dropout": 0.49670225126810597,
        "learning_rate": 0.0015238862672150894,
        "batch_size": 32,
        "weight_decay": 0.0005832528466344678
    },
    "transformer": {
        "d_model": 77,
        "num_layers": 2,
        "dropout": 0.2720634093150214,
        "learning_rate": 0.001766056796105173,
        "batch_size": 16,
        "nhead": 2,
        "weight_decay": 0.0027005049853981657
    }
}