{
    "svm": {
        "tol": 1.0,
        "probability": true,
        "kernel": "linear",
        "gamma": 0.001,
        "class_weight": "balanced",
        "C": 0.1
    },
    "logistic_regression": {
        "tol": 1.0,
        "solver": "sag",
        "random_state": 42,
        "max_iter": 3000,
        "class_weight": "balanced",
        "C": 1.0
    },
    "lstm": {
        "hidden_size": 32,
        "num_layers": 1,
        "dropout": 0.4450574624588355,
        "learning_rate": 0.0005782306678885726,
        "batch_size": 32,
        "weight_decay": 0.0003394485010872413
    },
    "transformer": {
        "d_model": 41,
        "num_layers": 1,
        "dropout": 0.3225155253699604,
        "learning_rate": 0.0014636710204856704,
        "batch_size": 32,
        "nhead": 2,
        "weight_decay": 0.001768748723155642
    }
}