{
    "svm": {
        "tol": 0.1,
        "probability": true,
        "kernel": "linear",
        "gamma": 0.1,
        "class_weight": "balanced",
        "C": 0.1
    },
    "logistic_regression": {
        "tol": 0.01,
        "solver": "newton-cg",
        "random_state": 42,
        "max_iter": 3000,
        "class_weight": "balanced",
        "C": 10.0
    },
    "lstm": {
        "hidden_size": 85,
        "num_layers": 2,
        "dropout": 0.22146046373101702,
        "learning_rate": 0.0018175083803641072,
        "batch_size": 32,
        "weight_decay": 0.0005257974178481113
    },
    "transformer": {
        "d_model": 48,
        "num_layers": 1,
        "dropout": 0.2688262822010965,
        "learning_rate": 0.001345000045967757,
        "batch_size": 32,
        "nhead": 4,
        "weight_decay": 0.00010159252707485589
    }
}