{
    "svm": {
        "tol": 0.1,
        "probability": true,
        "kernel": "rbf",
        "gamma": 0.1,
        "class_weight": "balanced",
        "C": 10.0
    },
    "logistic_regression": {
        "tol": 1.0,
        "solver": "sag",
        "random_state": 42,
        "max_iter": 3000,
        "class_weight": "balanced",
        "C": 0.1
    },
    "lstm": {
        "hidden_size": 41,
        "num_layers": 2,
        "dropout": 0.3441196430089784,
        "learning_rate": 0.0006440338840962468,
        "batch_size": 32,
        "weight_decay": 0.00012597864253718517
    },
    "transformer": {
        "d_model": 58,
        "num_layers": 2,
        "dropout": 0.3529090021307356,
        "learning_rate": 0.0010178069192301185,
        "batch_size": 16,
        "nhead": 2,
        "weight_decay": 0.0034920104320008086
    }
}