{
    "svm": {
        "tol": 0.01,
        "probability": true,
        "kernel": "rbf",
        "gamma": 0.1,
        "class_weight": "balanced",
        "C": 1.0
    },
    "logistic_regression": {
        "tol": 0.01,
        "solver": "sag",
        "random_state": 42,
        "max_iter": 1000,
        "class_weight": "balanced",
        "C": 10.0
    },
    "lstm": {
        "hidden_size": 32,
        "num_layers": 1,
        "dropout": 0.4759097554208442,
        "learning_rate": 0.0017105850942937268,
        "batch_size": 16,
        "weight_decay": 0.002174506196245353
    },
    "transformer": {
        "d_model": 92,
        "num_layers": 1,
        "dropout": 0.25936232716137153,
        "learning_rate": 0.0007900946986104408,
        "batch_size": 16,
        "nhead": 4,
        "weight_decay": 0.005226032770066854
    }
}