{
    "svm": {
        "tol": 0.01,
        "probability": true,
        "kernel": "rbf",
        "gamma": 0.1,
        "class_weight": "balanced",
        "C": 100.0
    },
    "logistic_regression": {
        "tol": 1.0,
        "solver": "sag",
        "random_state": 42,
        "max_iter": 3000,
        "class_weight": "balanced",
        "C": 0.01
    },
    "lstm": {
        "hidden_size": 32,
        "num_layers": 1,
        "dropout": 0.41486127850034316,
        "learning_rate": 0.0009537098270222677,
        "batch_size": 64,
        "weight_decay": 0.006140393555348388
    },
    "transformer": {
        "d_model": 44,
        "num_layers": 1,
        "dropout": 0.2990669778571467,
        "learning_rate": 0.001349243854627042,
        "batch_size": 32,
        "nhead": 2,
        "weight_decay": 0.0017925372003902518
    }
}