{
    "svm": {
        "tol": 0.01,
        "probability": true,
        "kernel": "rbf",
        "gamma": 0.1,
        "class_weight": "balanced",
        "C": 100.0
    },
    "logistic_regression": {
        "tol": 1.0,
        "solver": "sag",
        "random_state": 42,
        "max_iter": 3000,
        "class_weight": "balanced",
        "C": 1.0
    },
    "lstm": {
        "hidden_size": 40,
        "num_layers": 2,
        "dropout": 0.3164542132492883,
        "learning_rate": 0.0009123820503703564,
        "batch_size": 32,
        "weight_decay": 0.0009050368577337202
    },
    "transformer": {
        "d_model": 77,
        "num_layers": 1,
        "dropout": 0.354492847891232,
        "learning_rate": 0.0019428316573097018,
        "batch_size": 16,
        "nhead": 2,
        "weight_decay": 0.0002071500429770347
    }
}