{
    "svm": {
        "tol": 0.01,
        "probability": true,
        "kernel": "rbf",
        "gamma": 0.1,
        "class_weight": "balanced",
        "C": 100.0
    },
    "logistic_regression": {
        "tol": 0.1,
        "solver": "sag",
        "random_state": 42,
        "max_iter": 1000,
        "class_weight": "balanced",
        "C": 0.1
    },
    "lstm": {
        "hidden_size": 89,
        "num_layers": 2,
        "dropout": 0.3638555611305408,
        "learning_rate": 0.0005549967661546636,
        "batch_size": 16,
        "weight_decay": 0.00015920824236741077
    },
    "transformer": {
        "d_model": 44,
        "num_layers": 1,
        "dropout": 0.28426820502710837,
        "learning_rate": 0.0011517424870490013,
        "batch_size": 16,
        "nhead": 2,
        "weight_decay": 0.000608842407493691
    }
}