{
    "svm": {
        "tol": 0.01,
        "probability": true,
        "kernel": "rbf",
        "gamma": 0.1,
        "class_weight": "balanced",
        "C": 100.0
    },
    "logistic_regression": {
        "tol": 0.01,
        "solver": "newton-cg",
        "random_state": 42,
        "max_iter": 3000,
        "class_weight": "balanced",
        "C": 10.0
    },
    "lstm": {
        "hidden_size": 88,
        "num_layers": 2,
        "dropout": 0.27846784130439195,
        "learning_rate": 0.000640093817277229,
        "batch_size": 16,
        "weight_decay": 0.0005670403008033452
    },
    "transformer": {
        "d_model": 40,
        "num_layers": 2,
        "dropout": 0.4131765934250914,
        "learning_rate": 0.0018675105852496935,
        "batch_size": 16,
        "nhead": 2,
        "weight_decay": 0.004467548252169675
    }
}