{
    "svm": {
        "tol": 0.01,
        "probability": true,
        "kernel": "rbf",
        "gamma": 0.1,
        "class_weight": "balanced",
        "C": 100.0
    },
    "logistic_regression": {
        "tol": 0.01,
        "solver": "lbfgs",
        "random_state": 42,
        "max_iter": 1000,
        "class_weight": "balanced",
        "C": 100.0
    },
    "lstm": {
        "hidden_size": 32,
        "num_layers": 2,
        "dropout": 0.29906698242622143,
        "learning_rate": 0.0005598766633472379,
        "batch_size": 64,
        "weight_decay": 0.0006957116137842602
    },
    "transformer": {
        "d_model": 57,
        "num_layers": 2,
        "dropout": 0.47320902281210353,
        "learning_rate": 0.0013625407394340329,
        "batch_size": 16,
        "nhead": 2,
        "weight_decay": 0.005728353349430865
    }
}