{
    "svm": {
        "tol": 1.0,
        "probability": true,
        "kernel": "rbf",
        "gamma": 0.01,
        "class_weight": "balanced",
        "C": 100.0
    },
    "logistic_regression": {
        "tol": 0.01,
        "solver": "newton-cg",
        "random_state": 42,
        "max_iter": 2000,
        "class_weight": "balanced",
        "C": 1.0
    },
    "lstm": {
        "hidden_size": 81,
        "num_layers": 1,
        "dropout": 0.3270886486714773,
        "learning_rate": 0.000813417560135298,
        "batch_size": 32,
        "weight_decay": 0.0005451318187618731
    },
    "transformer": {
        "d_model": 96,
        "num_layers": 2,
        "dropout": 0.2753153014660812,
        "learning_rate": 0.0008662664259847543,
        "batch_size": 16,
        "nhead": 2,
        "weight_decay": 0.0004134427567697631
    }
}