{
    "svm": {
        "tol": 0.01,
        "probability": true,
        "kernel": "rbf",
        "gamma": 0.1,
        "class_weight": "balanced",
        "C": 100.0
    },
    "logistic_regression": {
        "tol": 0.01,
        "solver": "lbfgs",
        "random_state": 42,
        "max_iter": 1000,
        "class_weight": "balanced",
        "C": 100.0
    },
    "lstm": {
        "hidden_size": 51,
        "num_layers": 2,
        "dropout": 0.30580758266285907,
        "learning_rate": 0.0006179131602526497,
        "batch_size": 64,
        "weight_decay": 0.0010136517075189013
    },
    "transformer": {
        "d_model": 73,
        "num_layers": 2,
        "dropout": 0.45168661587265857,
        "learning_rate": 0.001349740324853859,
        "batch_size": 16,
        "nhead": 4,
        "weight_decay": 0.0034878685475676252
    }
}