{
    "svm": {
        "tol": 0.01,
        "probability": true,
        "kernel": "rbf",
        "gamma": 0.1,
        "class_weight": "balanced",
        "C": 100.0
    },
    "logistic_regression": {
        "tol": 0.01,
        "solver": "newton-cg",
        "random_state": 42,
        "max_iter": 1000,
        "class_weight": "balanced",
        "C": 100.0
    },
    "lstm": {
        "hidden_size": 41,
        "num_layers": 1,
        "dropout": 0.4383911472074286,
        "learning_rate": 0.0005529339767537088,
        "batch_size": 64,
        "weight_decay": 0.0005024608244505609
    },
    "transformer": {
        "d_model": 71,
        "num_layers": 1,
        "dropout": 0.2109576483450471,
        "learning_rate": 0.0013170076815252683,
        "batch_size": 32,
        "nhead": 4,
        "weight_decay": 0.0013670068724516886
    }
}