{
    "svm": {
        "tol": 0.01,
        "probability": true,
        "kernel": "rbf",
        "gamma": 0.1,
        "class_weight": "balanced",
        "C": 100.0
    },
    "logistic_regression": {
        "tol": 0.1,
        "solver": "sag",
        "random_state": 42,
        "max_iter": 1000,
        "class_weight": "balanced",
        "C": 0.1
    },
    "lstm": {
        "hidden_size": 33,
        "num_layers": 1,
        "dropout": 0.4991180351545037,
        "learning_rate": 0.0005373054879551336,
        "batch_size": 16,
        "weight_decay": 0.00012326725110319955
    },
    "transformer": {
        "d_model": 46,
        "num_layers": 2,
        "dropout": 0.4984556999378584,
        "learning_rate": 0.0006278179187732554,
        "batch_size": 16,
        "nhead": 4,
        "weight_decay": 0.0013132626238275477
    }
}