{
    "svm": {
        "tol": 1.0,
        "probability": true,
        "kernel": "linear",
        "gamma": 1.0,
        "class_weight": "balanced",
        "C": 100.0
    },
    "logistic_regression": {
        "tol": 0.01,
        "solver": "newton-cg",
        "random_state": 42,
        "max_iter": 3000,
        "class_weight": "balanced",
        "C": 10.0
    },
    "lstm": {
        "hidden_size": 56,
        "num_layers": 1,
        "dropout": 0.3186079230311653,
        "learning_rate": 0.0005368320758583664,
        "batch_size": 64,
        "weight_decay": 0.0003972054693012746
    },
    "transformer": {
        "d_model": 50,
        "num_layers": 2,
        "dropout": 0.34666249182238684,
        "learning_rate": 0.0015781502341527746,
        "batch_size": 64,
        "nhead": 4,
        "weight_decay": 0.0022230544695451254
    }
}