{
    "svm": {
        "tol": 0.01,
        "probability": true,
        "kernel": "rbf",
        "gamma": 0.1,
        "class_weight": "balanced",
        "C": 100.0
    },
    "logistic_regression": {
        "tol": 0.01,
        "solver": "lbfgs",
        "random_state": 42,
        "max_iter": 2000,
        "class_weight": "balanced",
        "C": 1.0
    },
    "lstm": {
        "hidden_size": 72,
        "num_layers": 1,
        "dropout": 0.3774087178746758,
        "learning_rate": 0.000578053833120751,
        "batch_size": 16,
        "weight_decay": 0.0010005542122107772
    },
    "transformer": {
        "d_model": 78,
        "num_layers": 2,
        "dropout": 0.4503847302116035,
        "learning_rate": 0.0009202096303834377,
        "batch_size": 16,
        "nhead": 2,
        "weight_decay": 0.0008001340127389547
    }
}