{
    "svm": {
        "tol": 0.01,
        "probability": true,
        "kernel": "rbf",
        "gamma": 0.1,
        "class_weight": "balanced",
        "C": 100.0
    },
    "logistic_regression": {
        "tol": 0.01,
        "solver": "lbfgs",
        "random_state": 42,
        "max_iter": 2000,
        "class_weight": "balanced",
        "C": 0.0001
    },
    "lstm": {
        "hidden_size": 50,
        "num_layers": 1,
        "dropout": 0.4715202570177285,
        "learning_rate": 0.0005046008428740453,
        "batch_size": 64,
        "weight_decay": 0.004041632037682749
    },
    "transformer": {
        "d_model": 56,
        "num_layers": 1,
        "dropout": 0.37204788792371835,
        "learning_rate": 0.0013002550828600187,
        "batch_size": 64,
        "nhead": 2,
        "weight_decay": 0.0008032302253194058
    }
}