{
    "svm": {
        "tol": 0.01,
        "probability": true,
        "kernel": "rbf",
        "gamma": 0.1,
        "class_weight": "balanced",
        "C": 100.0
    },
    "logistic_regression": {
        "tol": 0.01,
        "solver": "lbfgs",
        "random_state": 42,
        "max_iter": 1000,
        "class_weight": "balanced",
        "C": 10.0
    },
    "lstm": {
        "hidden_size": 80,
        "num_layers": 2,
        "dropout": 0.25937583765165656,
        "learning_rate": 0.0009026536468436176,
        "batch_size": 64,
        "weight_decay": 0.0001440225277372443
    },
    "transformer": {
        "d_model": 67,
        "num_layers": 2,
        "dropout": 0.2496653378400811,
        "learning_rate": 0.0019448996664886329,
        "batch_size": 64,
        "nhead": 2,
        "weight_decay": 0.0012069957990527304
    }
}