{
    "svm": {
        "tol": 0.01,
        "probability": true,
        "kernel": "rbf",
        "gamma": 0.1,
        "class_weight": "balanced",
        "C": 100.0
    },
    "logistic_regression": {
        "tol": 0.01,
        "solver": "lbfgs",
        "random_state": 42,
        "max_iter": 1000,
        "class_weight": "balanced",
        "C": 10.0
    },
    "lstm": {
        "hidden_size": 36,
        "num_layers": 2,
        "dropout": 0.39483495963732906,
        "learning_rate": 0.0012123108538756675,
        "batch_size": 32,
        "weight_decay": 0.00013553038510159728
    },
    "transformer": {
        "d_model": 57,
        "num_layers": 2,
        "dropout": 0.2943695458224898,
        "learning_rate": 0.0010722786821650836,
        "batch_size": 16,
        "nhead": 2,
        "weight_decay": 0.0040198451996486745
    }
}