{
    "svm": {
        "tol": 0.01,
        "probability": true,
        "kernel": "rbf",
        "gamma": 0.1,
        "class_weight": "balanced",
        "C": 100.0
    },
    "logistic_regression": {
        "tol": 0.01,
        "solver": "newton-cg",
        "random_state": 42,
        "max_iter": 3000,
        "class_weight": "balanced",
        "C": 0.1
    },
    "lstm": {
        "hidden_size": 66,
        "num_layers": 1,
        "dropout": 0.2949823315430139,
        "learning_rate": 0.0005364460438277539,
        "batch_size": 32,
        "weight_decay": 0.0008773712602441971
    },
    "transformer": {
        "d_model": 49,
        "num_layers": 1,
        "dropout": 0.295430731322079,
        "learning_rate": 0.0012147400956184107,
        "batch_size": 64,
        "nhead": 4,
        "weight_decay": 0.0036702673568819607
    }
}