{
    "svm": {
        "tol": 0.01,
        "probability": true,
        "kernel": "rbf",
        "gamma": 0.1,
        "class_weight": "balanced",
        "C": 100.0
    },
    "logistic_regression": {
        "tol": 0.01,
        "solver": "lbfgs",
        "random_state": 42,
        "max_iter": 2000,
        "class_weight": "balanced",
        "C": 0.0001
    },
    "lstm": {
        "hidden_size": 72,
        "num_layers": 1,
        "dropout": 0.2564753927323358,
        "learning_rate": 0.0015766329179977684,
        "batch_size": 32,
        "weight_decay": 0.004513143801953676
    },
    "transformer": {
        "d_model": 76,
        "num_layers": 1,
        "dropout": 0.26593556734452545,
        "learning_rate": 0.0006764695260570574,
        "batch_size": 32,
        "nhead": 2,
        "weight_decay": 0.0006124826731131815
    }
}