{
    "svm": {
        "tol": 1.0,
        "probability": true,
        "kernel": "linear",
        "gamma": 1.0,
        "class_weight": "balanced",
        "C": 0.01
    },
    "logistic_regression": {
        "tol": 0.1,
        "solver": "saga",
        "random_state": 42,
        "max_iter": 3000,
        "class_weight": "balanced",
        "C": 0.1
    },
    "lstm": {
        "hidden_size": 42,
        "num_layers": 1,
        "dropout": 0.38572868859955756,
        "learning_rate": 0.0005129813395286693,
        "batch_size": 16,
        "weight_decay": 0.0011284628951063005
    },
    "transformer": {
        "d_model": 43,
        "num_layers": 1,
        "dropout": 0.3804253858619247,
        "learning_rate": 0.0009643988968047358,
        "batch_size": 64,
        "nhead": 2,
        "weight_decay": 0.00036940773439672674
    }
}