{
    "svm": {
        "tol": 0.01,
        "probability": true,
        "kernel": "rbf",
        "gamma": 0.1,
        "class_weight": "balanced",
        "C": 1.0
    },
    "logistic_regression": {
        "tol": 0.01,
        "solver": "newton-cg",
        "random_state": 42,
        "max_iter": 1000,
        "class_weight": "balanced",
        "C": 100.0
    },
    "lstm": {
        "hidden_size": 32,
        "num_layers": 1,
        "dropout": 0.39327949022850817,
        "learning_rate": 0.000699057288606616,
        "batch_size": 16,
        "weight_decay": 0.0061038091793119195
    },
    "transformer": {
        "d_model": 59,
        "num_layers": 1,
        "dropout": 0.20228545799612266,
        "learning_rate": 0.0015388158552407686,
        "batch_size": 16,
        "nhead": 4,
        "weight_decay": 0.0005064621195902344
    }
}