{
    "svm": {
        "tol": 0.01,
        "probability": true,
        "kernel": "rbf",
        "gamma": 0.1,
        "class_weight": "balanced",
        "C": 100.0
    },
    "logistic_regression": {
        "tol": 0.01,
        "solver": "newton-cg",
        "random_state": 42,
        "max_iter": 1000,
        "class_weight": "balanced",
        "C": 100.0
    },
    "lstm": {
        "hidden_size": 38,
        "num_layers": 1,
        "dropout": 0.40256151157893055,
        "learning_rate": 0.0006414827105326011,
        "batch_size": 32,
        "weight_decay": 0.0008388301650052722
    },
    "transformer": {
        "d_model": 52,
        "num_layers": 1,
        "dropout": 0.2935610238039683,
        "learning_rate": 0.0005067393628033284,
        "batch_size": 32,
        "nhead": 2,
        "weight_decay": 0.0018197969450106212
    }
}