{
    "svm": {
        "tol": 0.01,
        "probability": true,
        "kernel": "rbf",
        "gamma": 0.1,
        "class_weight": "balanced",
        "C": 100.0
    },
    "logistic_regression": {
        "tol": 0.01,
        "solver": "newton-cg",
        "random_state": 42,
        "max_iter": 3000,
        "class_weight": "balanced",
        "C": 10.0
    },
    "lstm": {
        "hidden_size": 82,
        "num_layers": 1,
        "dropout": 0.32276860000922697,
        "learning_rate": 0.0006457978791773218,
        "batch_size": 32,
        "weight_decay": 0.000799503442889351
    },
    "transformer": {
        "d_model": 40,
        "num_layers": 2,
        "dropout": 0.4502011757905069,
        "learning_rate": 0.0005098115757506731,
        "batch_size": 64,
        "nhead": 4,
        "weight_decay": 0.0019786418379776445
    }
}