{
    "svm": {
        "tol": 0.1,
        "probability": true,
        "kernel": "linear",
        "gamma": 0.1,
        "class_weight": "balanced",
        "C": 0.1
    },
    "logistic_regression": {
        "tol": 0.01,
        "solver": "newton-cg",
        "random_state": 42,
        "max_iter": 1000,
        "class_weight": "balanced",
        "C": 100.0
    },
    "lstm": {
        "hidden_size": 42,
        "num_layers": 2,
        "dropout": 0.3417853598333208,
        "learning_rate": 0.0008332310348936801,
        "batch_size": 32,
        "weight_decay": 0.008994415467736236
    },
    "transformer": {
        "d_model": 91,
        "num_layers": 2,
        "dropout": 0.2444079320723588,
        "learning_rate": 0.0010613814819149447,
        "batch_size": 64,
        "nhead": 2,
        "weight_decay": 0.001065156571650262
    }
}