{
    "svm": {
        "tol": 0.01,
        "probability": true,
        "kernel": "rbf",
        "gamma": 0.1,
        "class_weight": "balanced",
        "C": 100.0
    },
    "logistic_regression": {
        "tol": 0.01,
        "solver": "newton-cg",
        "random_state": 42,
        "max_iter": 1000,
        "class_weight": "balanced",
        "C": 100.0
    },
    "lstm": {
        "hidden_size": 71,
        "num_layers": 2,
        "dropout": 0.4353783896590912,
        "learning_rate": 0.000733088368063358,
        "batch_size": 16,
        "weight_decay": 0.00010318491886280741
    },
    "transformer": {
        "d_model": 90,
        "num_layers": 2,
        "dropout": 0.4114434806057713,
        "learning_rate": 0.001695482572473014,
        "batch_size": 16,
        "nhead": 4,
        "weight_decay": 0.00014525687612196243
    }
}