{
    "svm": {
        "tol": 0.1,
        "probability": true,
        "kernel": "linear",
        "gamma": 0.001,
        "class_weight": "balanced",
        "C": 100.0
    },
    "logistic_regression": {
        "tol": 0.01,
        "solver": "sag",
        "random_state": 42,
        "max_iter": 3000,
        "class_weight": "balanced",
        "C": 100.0
    },
    "lstm": {
        "hidden_size": 45,
        "num_layers": 2,
        "dropout": 0.4639154091930938,
        "learning_rate": 0.0017465169135066423,
        "batch_size": 32,
        "weight_decay": 0.0006359844216259061
    },
    "transformer": {
        "d_model": 45,
        "num_layers": 1,
        "dropout": 0.35227193256768846,
        "learning_rate": 0.0007384735619984139,
        "batch_size": 16,
        "nhead": 2,
        "weight_decay": 0.00040814136513852184
    }
}