{
    "svm": {
        "tol": 0.1,
        "probability": true,
        "kernel": "linear",
        "gamma": 0.1,
        "class_weight": "balanced",
        "C": 0.1
    },
    "logistic_regression": {
        "tol": 0.01,
        "solver": "saga",
        "random_state": 42,
        "max_iter": 3000,
        "class_weight": "balanced",
        "C": 10.0
    },
    "lstm": {
        "hidden_size": 65,
        "num_layers": 1,
        "dropout": 0.2978371442215853,
        "learning_rate": 0.0017981898092216606,
        "batch_size": 16,
        "weight_decay": 0.004305385317110119
    },
    "transformer": {
        "d_model": 86,
        "num_layers": 2,
        "dropout": 0.27893338514939076,
        "learning_rate": 0.001381440047790495,
        "batch_size": 16,
        "nhead": 2,
        "weight_decay": 0.004679725190225022
    }
}