{
    "svm": {
        "tol": 0.01,
        "probability": true,
        "kernel": "rbf",
        "gamma": 0.1,
        "class_weight": "balanced",
        "C": 100.0
    },
    "logistic_regression": {
        "tol": 0.1,
        "solver": "sag",
        "random_state": 42,
        "max_iter": 2000,
        "class_weight": "balanced",
        "C": 10.0
    },
    "lstm": {
        "hidden_size": 34,
        "num_layers": 1,
        "dropout": 0.34262133508695897,
        "learning_rate": 0.0006382768806513094,
        "batch_size": 64,
        "weight_decay": 0.0008159744565114538
    },
    "transformer": {
        "d_model": 39,
        "num_layers": 1,
        "dropout": 0.24897647662192474,
        "learning_rate": 0.0008622568037352417,
        "batch_size": 16,
        "nhead": 4,
        "weight_decay": 0.00039626392231131684
    }
}