{
    "svm": {
        "tol": 100.0,
        "probability": true,
        "kernel": "linear",
        "gamma": 0.1,
        "class_weight": "balanced",
        "C": 0.01
    },
    "logistic_regression": {
        "tol": 0.01,
        "solver": "lbfgs",
        "random_state": 42,
        "max_iter": 2000,
        "class_weight": "balanced",
        "C": 0.0001
    },
    "lstm": {
        "hidden_size": 32,
        "num_layers": 2,
        "dropout": 0.27391554015651465,
        "learning_rate": 0.0007768281468333573,
        "batch_size": 16,
        "weight_decay": 0.0001363371501746959
    },
    "transformer": {
        "d_model": 42,
        "num_layers": 2,
        "dropout": 0.22972032843784634,
        "learning_rate": 0.0005953250064667557,
        "batch_size": 32,
        "nhead": 4,
        "weight_decay": 0.0032319691964679317
    }
}