{
    "svm": {
        "tol": 0.01,
        "probability": true,
        "kernel": "rbf",
        "gamma": 0.1,
        "class_weight": "balanced",
        "C": 1.0
    },
    "logistic_regression": {
        "tol": 0.01,
        "solver": "newton-cg",
        "random_state": 42,
        "max_iter": 2000,
        "class_weight": "balanced",
        "C": 1.0
    },
    "lstm": {
        "hidden_size": 59,
        "num_layers": 1,
        "dropout": 0.20068357991725883,
        "learning_rate": 0.000507110894895483,
        "batch_size": 32,
        "weight_decay": 0.0008329284715698366
    },
    "transformer": {
        "d_model": 96,
        "num_layers": 2,
        "dropout": 0.20529407393096064,
        "learning_rate": 0.0010409957729965013,
        "batch_size": 16,
        "nhead": 4,
        "weight_decay": 0.0005266543981566415
    }
}