{
    "svm": {
        "tol": 0.01,
        "probability": true,
        "kernel": "rbf",
        "gamma": 0.1,
        "class_weight": "balanced",
        "C": 100.0
    },
    "logistic_regression": {
        "tol": 0.01,
        "solver": "newton-cg",
        "random_state": 42,
        "max_iter": 1000,
        "class_weight": "balanced",
        "C": 100.0
    },
    "lstm": {
        "hidden_size": 59,
        "num_layers": 2,
        "dropout": 0.26492078633285027,
        "learning_rate": 0.0006886104230264159,
        "batch_size": 32,
        "weight_decay": 0.0005058675075296961
    },
    "transformer": {
        "d_model": 65,
        "num_layers": 2,
        "dropout": 0.3358467118826688,
        "learning_rate": 0.0005996553980281079,
        "batch_size": 32,
        "nhead": 2,
        "weight_decay": 0.000159837170216617
    }
}