{
    "svm": {
        "tol": 0.1,
        "probability": true,
        "kernel": "linear",
        "gamma": 0.001,
        "class_weight": "balanced",
        "C": 100.0
    },
    "logistic_regression": {
        "tol": 0.01,
        "solver": "lbfgs",
        "random_state": 42,
        "max_iter": 1000,
        "class_weight": "balanced",
        "C": 100.0
    },
    "lstm": {
        "hidden_size": 68,
        "num_layers": 1,
        "dropout": 0.4982016081804908,
        "learning_rate": 0.0009882937114181914,
        "batch_size": 64,
        "weight_decay": 0.0035481388628963166
    },
    "transformer": {
        "d_model": 35,
        "num_layers": 1,
        "dropout": 0.22191280367270733,
        "learning_rate": 0.0007976534562650835,
        "batch_size": 32,
        "nhead": 2,
        "weight_decay": 0.0007110351266697802
    }
}