{
    "svm": {
        "tol": 1.0,
        "probability": true,
        "kernel": "rbf",
        "gamma": 0.01,
        "class_weight": "balanced",
        "C": 100.0
    },
    "logistic_regression": {
        "tol": 0.01,
        "solver": "newton-cg",
        "random_state": 42,
        "max_iter": 1000,
        "class_weight": "balanced",
        "C": 100.0
    },
    "lstm": {
        "hidden_size": 46,
        "num_layers": 1,
        "dropout": 0.407001975276392,
        "learning_rate": 0.0007542254429360503,
        "batch_size": 16,
        "weight_decay": 0.00013895805665735896
    },
    "transformer": {
        "d_model": 56,
        "num_layers": 2,
        "dropout": 0.39912628838558867,
        "learning_rate": 0.0005628008146643245,
        "batch_size": 64,
        "nhead": 2,
        "weight_decay": 0.0017233823848490045
    }
}