{
    "svm": {
        "tol": 0.01,
        "probability": true,
        "kernel": "rbf",
        "gamma": 0.1,
        "class_weight": "balanced",
        "C": 1.0
    },
    "logistic_regression": {
        "tol": 0.01,
        "solver": "newton-cg",
        "random_state": 42,
        "max_iter": 2000,
        "class_weight": "balanced",
        "C": 1.0
    },
    "lstm": {
        "hidden_size": 41,
        "num_layers": 2,
        "dropout": 0.491905330018934,
        "learning_rate": 0.0006558955536426073,
        "batch_size": 32,
        "weight_decay": 0.0007381252753384402
    },
    "transformer": {
        "d_model": 43,
        "num_layers": 1,
        "dropout": 0.47964631909941197,
        "learning_rate": 0.0007970145947217483,
        "batch_size": 32,
        "nhead": 4,
        "weight_decay": 0.0031858466457069935
    }
}