{
    "svm": {
        "tol": 0.01,
        "probability": true,
        "kernel": "rbf",
        "gamma": 0.1,
        "class_weight": "balanced",
        "C": 100.0
    },
    "logistic_regression": {
        "tol": 0.01,
        "solver": "newton-cg",
        "random_state": 42,
        "max_iter": 1000,
        "class_weight": "balanced",
        "C": 100.0
    },
    "lstm": {
        "hidden_size": 32,
        "num_layers": 1,
        "dropout": 0.20109802922821987,
        "learning_rate": 0.0009200119183751964,
        "batch_size": 32,
        "weight_decay": 0.002105434046695911
    },
    "transformer": {
        "d_model": 32,
        "num_layers": 1,
        "dropout": 0.26316117414053886,
        "learning_rate": 0.0005121154152551386,
        "batch_size": 32,
        "nhead": 4,
        "weight_decay": 0.0003535014013834353
    }
}