{
    "svm": {
        "tol": 0.01,
        "probability": true,
        "kernel": "rbf",
        "gamma": 0.1,
        "class_weight": "balanced",
        "C": 100.0
    },
    "logistic_regression": {
        "tol": 0.01,
        "solver": "lbfgs",
        "random_state": 42,
        "max_iter": 1000,
        "class_weight": "balanced",
        "C": 10.0
    },
    "lstm": {
        "hidden_size": 89,
        "num_layers": 1,
        "dropout": 0.3119689478451206,
        "learning_rate": 0.001364216443829598,
        "batch_size": 16,
        "weight_decay": 0.000275738588088456
    },
    "transformer": {
        "d_model": 61,
        "num_layers": 1,
        "dropout": 0.24447606196009575,
        "learning_rate": 0.001162250698413529,
        "batch_size": 32,
        "nhead": 4,
        "weight_decay": 0.0001361077008709363
    }
}