{
    "svm": {
        "tol": 1.0,
        "probability": true,
        "kernel": "rbf",
        "gamma": 0.01,
        "class_weight": "balanced",
        "C": 100.0
    },
    "logistic_regression": {
        "tol": 0.01,
        "solver": "newton-cg",
        "random_state": 42,
        "max_iter": 3000,
        "class_weight": "balanced",
        "C": 0.1
    },
    "lstm": {
        "hidden_size": 41,
        "num_layers": 1,
        "dropout": 0.30182135526487713,
        "learning_rate": 0.0005050966641599049,
        "batch_size": 32,
        "weight_decay": 0.00032319051000082965
    },
    "transformer": {
        "d_model": 42,
        "num_layers": 2,
        "dropout": 0.4470643004011675,
        "learning_rate": 0.0005035693485410056,
        "batch_size": 64,
        "nhead": 4,
        "weight_decay": 0.0001038768059085264
    }
}