{
    "svm": {
        "tol": 1.0,
        "probability": true,
        "kernel": "rbf",
        "gamma": 0.01,
        "class_weight": "balanced",
        "C": 1.0
    },
    "logistic_regression": {
        "tol": 0.01,
        "solver": "lbfgs",
        "random_state": 42,
        "max_iter": 1000,
        "class_weight": "balanced",
        "C": 100.0
    },
    "lstm": {
        "hidden_size": 68,
        "num_layers": 1,
        "dropout": 0.38918128277001296,
        "learning_rate": 0.0014193825097479538,
        "batch_size": 16,
        "weight_decay": 0.0003685871951444019
    },
    "transformer": {
        "d_model": 32,
        "num_layers": 1,
        "dropout": 0.4846027735945504,
        "learning_rate": 0.0007709086849844857,
        "batch_size": 64,
        "nhead": 2,
        "weight_decay": 0.00010163271487624343
    }
}