{
    "svm": {
        "tol": 0.01,
        "probability": true,
        "kernel": "rbf",
        "gamma": 0.1,
        "class_weight": "balanced",
        "C": 1.0
    },
    "logistic_regression": {
        "tol": 0.01,
        "solver": "newton-cg",
        "random_state": 42,
        "max_iter": 3000,
        "class_weight": "balanced",
        "C": 10.0
    },
    "lstm": {
        "hidden_size": 43,
        "num_layers": 1,
        "dropout": 0.40123043526370755,
        "learning_rate": 0.0006576052805000683,
        "batch_size": 64,
        "weight_decay": 0.0004919619903099574
    },
    "transformer": {
        "d_model": 96,
        "num_layers": 1,
        "dropout": 0.3691600071565885,
        "learning_rate": 0.0011470607395919993,
        "batch_size": 64,
        "nhead": 4,
        "weight_decay": 0.0008703650907709113
    }
}