{
    "svm": {
        "tol": 0.1,
        "probability": true,
        "kernel": "rbf",
        "gamma": 0.1,
        "class_weight": "balanced",
        "C": 10.0
    },
    "logistic_regression": {
        "tol": 0.01,
        "solver": "lbfgs",
        "random_state": 42,
        "max_iter": 1000,
        "class_weight": "balanced",
        "C": 100.0
    },
    "lstm": {
        "hidden_size": 53,
        "num_layers": 1,
        "dropout": 0.38768063357618915,
        "learning_rate": 0.0007552217497146172,
        "batch_size": 64,
        "weight_decay": 0.0029843781434950585
    },
    "transformer": {
        "d_model": 51,
        "num_layers": 1,
        "dropout": 0.39801875416911614,
        "learning_rate": 0.0008093397473229741,
        "batch_size": 16,
        "nhead": 2,
        "weight_decay": 0.00016485127803915714
    }
}