{
    "svm": {
        "tol": 1.0,
        "probability": true,
        "kernel": "rbf",
        "gamma": 0.01,
        "class_weight": "balanced",
        "C": 1.0
    },
    "logistic_regression": {
        "tol": 0.01,
        "solver": "newton-cg",
        "random_state": 42,
        "max_iter": 2000,
        "class_weight": "balanced",
        "C": 1.0
    },
    "lstm": {
        "hidden_size": 35,
        "num_layers": 1,
        "dropout": 0.31675489745222374,
        "learning_rate": 0.0006125459418590294,
        "batch_size": 64,
        "weight_decay": 0.0008614799053908578
    },
    "transformer": {
        "d_model": 86,
        "num_layers": 2,
        "dropout": 0.4258100091104732,
        "learning_rate": 0.0018010628060596597,
        "batch_size": 16,
        "nhead": 4,
        "weight_decay": 0.004282819696646529
    }
}