{
    "svm": {
        "tol": 1.0,
        "probability": true,
        "kernel": "linear",
        "gamma": 1.0,
        "class_weight": "balanced",
        "C": 100.0
    },
    "logistic_regression": {
        "tol": 0.01,
        "solver": "newton-cg",
        "random_state": 42,
        "max_iter": 1000,
        "class_weight": "balanced",
        "C": 100.0
    },
    "lstm": {
        "hidden_size": 55,
        "num_layers": 2,
        "dropout": 0.278286938974782,
        "learning_rate": 0.0011778932022445804,
        "batch_size": 16,
        "weight_decay": 0.0005718307609341988
    },
    "transformer": {
        "d_model": 46,
        "num_layers": 2,
        "dropout": 0.3089601160498284,
        "learning_rate": 0.0013737723933596006,
        "batch_size": 16,
        "nhead": 2,
        "weight_decay": 0.005031531443178943
    }
}