{
    "svm": {
        "tol": 0.01,
        "probability": true,
        "kernel": "rbf",
        "gamma": 0.1,
        "class_weight": "balanced",
        "C": 100.0
    },
    "logistic_regression": {
        "tol": 1.0,
        "solver": "sag",
        "random_state": 42,
        "max_iter": 3000,
        "class_weight": "balanced",
        "C": 0.0001
    },
    "lstm": {
        "hidden_size": 36,
        "num_layers": 1,
        "dropout": 0.4467556505899665,
        "learning_rate": 0.0011419770517529446,
        "batch_size": 32,
        "weight_decay": 0.0005558738779403277
    },
    "transformer": {
        "d_model": 41,
        "num_layers": 2,
        "dropout": 0.43651352287782075,
        "learning_rate": 0.0011856957705940643,
        "batch_size": 16,
        "nhead": 4,
        "weight_decay": 0.00024680056195235437
    }
}