{
    "svm": {
        "tol": 1.0,
        "probability": true,
        "kernel": "rbf",
        "gamma": 0.01,
        "class_weight": "balanced",
        "C": 1.0
    },
    "logistic_regression": {
        "tol": 0.01,
        "solver": "lbfgs",
        "random_state": 42,
        "max_iter": 1000,
        "class_weight": "balanced",
        "C": 10.0
    },
    "lstm": {
        "hidden_size": 71,
        "num_layers": 1,
        "dropout": 0.3307279823419119,
        "learning_rate": 0.0014643190573261626,
        "batch_size": 32,
        "weight_decay": 0.0006167313617115495
    },
    "transformer": {
        "d_model": 37,
        "num_layers": 1,
        "dropout": 0.44980647811570384,
        "learning_rate": 0.001033236914897712,
        "batch_size": 64,
        "nhead": 4,
        "weight_decay": 0.00029293658128550827
    }
}