{
    "svm": {
        "tol": 0.01,
        "probability": true,
        "kernel": "rbf",
        "gamma": 0.1,
        "class_weight": "balanced",
        "C": 1.0
    },
    "logistic_regression": {
        "tol": 0.01,
        "solver": "newton-cg",
        "random_state": 42,
        "max_iter": 2000,
        "class_weight": "balanced",
        "C": 1.0
    },
    "lstm": {
        "hidden_size": 69,
        "num_layers": 1,
        "dropout": 0.23447269015615607,
        "learning_rate": 0.0012839473404885953,
        "batch_size": 64,
        "weight_decay": 0.0002944254481099155
    },
    "transformer": {
        "d_model": 76,
        "num_layers": 2,
        "dropout": 0.20126239631225054,
        "learning_rate": 0.0017169144302241386,
        "batch_size": 32,
        "nhead": 4,
        "weight_decay": 0.00044730933723513143
    }
}