{
    "svm": {
        "tol": 0.01,
        "probability": true,
        "kernel": "rbf",
        "gamma": 0.1,
        "class_weight": "balanced",
        "C": 100.0
    },
    "logistic_regression": {
        "tol": 0.01,
        "solver": "lbfgs",
        "random_state": 42,
        "max_iter": 1000,
        "class_weight": "balanced",
        "C": 10.0
    },
    "lstm": {
        "hidden_size": 69,
        "num_layers": 2,
        "dropout": 0.3114535131540937,
        "learning_rate": 0.0008106645659121693,
        "batch_size": 16,
        "weight_decay": 0.001627487279381681
    },
    "transformer": {
        "d_model": 36,
        "num_layers": 2,
        "dropout": 0.26042371491831495,
        "learning_rate": 0.001777085008548635,
        "batch_size": 16,
        "nhead": 4,
        "weight_decay": 0.0023151788413300002
    }
}