{
    "svm": {
        "tol": 1.0,
        "probability": true,
        "kernel": "poly",
        "gamma": 1.0,
        "class_weight": "balanced",
        "C": 0.1
    },
    "logistic_regression": {
        "tol": 0.01,
        "solver": "newton-cg",
        "random_state": 42,
        "max_iter": 2000,
        "class_weight": "balanced",
        "C": 1.0
    },
    "lstm": {
        "hidden_size": 74,
        "num_layers": 1,
        "dropout": 0.23343320420439148,
        "learning_rate": 0.0005116884671624692,
        "batch_size": 64,
        "weight_decay": 0.00011181485427696938
    },
    "transformer": {
        "d_model": 70,
        "num_layers": 1,
        "dropout": 0.44952198555774636,
        "learning_rate": 0.0014534392650916962,
        "batch_size": 64,
        "nhead": 4,
        "weight_decay": 0.001953498861219611
    }
}