{
    "svm": {
        "tol": 1.0,
        "probability": true,
        "kernel": "rbf",
        "gamma": 0.01,
        "class_weight": "balanced",
        "C": 100.0
    },
    "logistic_regression": {
        "tol": 0.01,
        "solver": "newton-cg",
        "random_state": 42,
        "max_iter": 3000,
        "class_weight": "balanced",
        "C": 10.0
    },
    "lstm": {
        "hidden_size": 42,
        "num_layers": 1,
        "dropout": 0.29480531619147254,
        "learning_rate": 0.0005116582303649145,
        "batch_size": 64,
        "weight_decay": 0.00454954558526406
    },
    "transformer": {
        "d_model": 64,
        "num_layers": 2,
        "dropout": 0.21983625183234587,
        "learning_rate": 0.0018161195890108361,
        "batch_size": 32,
        "nhead": 4,
        "weight_decay": 0.003598816200168911
    }
}