{
    "svm": {
        "tol": 0.01,
        "probability": true,
        "kernel": "rbf",
        "gamma": 0.1,
        "class_weight": "balanced",
        "C": 100.0
    },
    "logistic_regression": {
        "tol": 0.01,
        "solver": "newton-cg",
        "random_state": 42,
        "max_iter": 3000,
        "class_weight": "balanced",
        "C": 10.0
    },
    "lstm": {
        "hidden_size": 83,
        "num_layers": 1,
        "dropout": 0.3040508883442483,
        "learning_rate": 0.0010879665194546853,
        "batch_size": 16,
        "weight_decay": 0.0012606650917511507
    },
    "transformer": {
        "d_model": 54,
        "num_layers": 2,
        "dropout": 0.26284822178391676,
        "learning_rate": 0.001022349990287462,
        "batch_size": 32,
        "nhead": 4,
        "weight_decay": 0.005767476142888013
    }
}