{
    "svm": {
        "tol": 0.01,
        "probability": true,
        "kernel": "rbf",
        "gamma": 0.1,
        "class_weight": "balanced",
        "C": 100.0
    },
    "logistic_regression": {
        "tol": 0.01,
        "solver": "newton-cg",
        "random_state": 42,
        "max_iter": 1000,
        "class_weight": "balanced",
        "C": 100.0
    },
    "lstm": {
        "hidden_size": 41,
        "num_layers": 1,
        "dropout": 0.30550708224889217,
        "learning_rate": 0.0005407908487259395,
        "batch_size": 64,
        "weight_decay": 0.0015941320054580475
    },
    "transformer": {
        "d_model": 44,
        "num_layers": 1,
        "dropout": 0.38557680751195844,
        "learning_rate": 0.0014677855539268186,
        "batch_size": 16,
        "nhead": 2,
        "weight_decay": 0.0007144320660649474
    }
}