{
    "svm": {
        "tol": 0.01,
        "probability": true,
        "kernel": "rbf",
        "gamma": 0.1,
        "class_weight": "balanced",
        "C": 100.0
    },
    "logistic_regression": {
        "tol": 0.01,
        "solver": "lbfgs",
        "random_state": 42,
        "max_iter": 1000,
        "class_weight": "balanced",
        "C": 10.0
    },
    "lstm": {
        "hidden_size": 47,
        "num_layers": 1,
        "dropout": 0.43463872228291783,
        "learning_rate": 0.0005102819459169702,
        "batch_size": 64,
        "weight_decay": 0.00014916799445018883
    },
    "transformer": {
        "d_model": 60,
        "num_layers": 2,
        "dropout": 0.26997549391460807,
        "learning_rate": 0.0014621298906316623,
        "batch_size": 32,
        "nhead": 4,
        "weight_decay": 0.00013462186362201068
    }
}