{
    "svm": {
        "tol": 1.0,
        "probability": true,
        "kernel": "linear",
        "gamma": 1.0,
        "class_weight": "balanced",
        "C": 100.0
    },
    "logistic_regression": {
        "tol": 0.01,
        "solver": "sag",
        "random_state": 42,
        "max_iter": 1000,
        "class_weight": "balanced",
        "C": 10.0
    },
    "lstm": {
        "hidden_size": 33,
        "num_layers": 1,
        "dropout": 0.2955749091783128,
        "learning_rate": 0.0010080379566381843,
        "batch_size": 32,
        "weight_decay": 0.0008248323974997305
    },
    "transformer": {
        "d_model": 87,
        "num_layers": 2,
        "dropout": 0.2370898155321472,
        "learning_rate": 0.0006677737007888255,
        "batch_size": 64,
        "nhead": 4,
        "weight_decay": 0.002182796786905944
    }
}