{
    "svm": {
        "tol": 0.01,
        "probability": true,
        "kernel": "rbf",
        "gamma": 0.1,
        "class_weight": "balanced",
        "C": 100.0
    },
    "logistic_regression": {
        "tol": 0.01,
        "solver": "lbfgs",
        "random_state": 42,
        "max_iter": 1000,
        "class_weight": "balanced",
        "C": 10.0
    },
    "lstm": {
        "hidden_size": 90,
        "num_layers": 2,
        "dropout": 0.20019270983458784,
        "learning_rate": 0.0006240687357592469,
        "batch_size": 16,
        "weight_decay": 0.0009779681342739687
    },
    "transformer": {
        "d_model": 89,
        "num_layers": 1,
        "dropout": 0.22105015473425346,
        "learning_rate": 0.0015388124809908713,
        "batch_size": 32,
        "nhead": 4,
        "weight_decay": 0.00022728295676468165
    }
}