{
    "svm": {
        "tol": 0.01,
        "probability": true,
        "kernel": "rbf",
        "gamma": 0.1,
        "class_weight": "balanced",
        "C": 100.0
    },
    "logistic_regression": {
        "tol": 0.01,
        "solver": "lbfgs",
        "random_state": 42,
        "max_iter": 2000,
        "class_weight": "balanced",
        "C": 1.0
    },
    "lstm": {
        "hidden_size": 33,
        "num_layers": 1,
        "dropout": 0.4307832415402343,
        "learning_rate": 0.0008108638478938942,
        "batch_size": 64,
        "weight_decay": 0.003880549738131013
    },
    "transformer": {
        "d_model": 56,
        "num_layers": 1,
        "dropout": 0.2939995942119173,
        "learning_rate": 0.0010661969086106248,
        "batch_size": 32,
        "nhead": 4,
        "weight_decay": 0.00018688342160805483
    }
}