{
    "svm": {
        "tol": 0.01,
        "probability": true,
        "kernel": "rbf",
        "gamma": 0.1,
        "class_weight": "balanced",
        "C": 1.0
    },
    "logistic_regression": {
        "tol": 0.01,
        "solver": "lbfgs",
        "random_state": 42,
        "max_iter": 1000,
        "class_weight": "balanced",
        "C": 100.0
    },
    "lstm": {
        "hidden_size": 65,
        "num_layers": 1,
        "dropout": 0.44588734722435697,
        "learning_rate": 0.0007121140994773828,
        "batch_size": 32,
        "weight_decay": 0.00034308102419710695
    },
    "transformer": {
        "d_model": 46,
        "num_layers": 2,
        "dropout": 0.49433233661352316,
        "learning_rate": 0.001681501985983299,
        "batch_size": 16,
        "nhead": 2,
        "weight_decay": 0.00019223207810674985
    }
}