{
    "svm": {
        "tol": 0.1,
        "probability": true,
        "kernel": "linear",
        "gamma": 0.001,
        "class_weight": "balanced",
        "C": 100.0
    },
    "logistic_regression": {
        "tol": 0.01,
        "solver": "newton-cg",
        "random_state": 42,
        "max_iter": 3000,
        "class_weight": "balanced",
        "C": 10.0
    },
    "lstm": {
        "hidden_size": 85,
        "num_layers": 2,
        "dropout": 0.4008257091481366,
        "learning_rate": 0.0018158530699584057,
        "batch_size": 32,
        "weight_decay": 0.0004643999286862823
    },
    "transformer": {
        "d_model": 47,
        "num_layers": 2,
        "dropout": 0.49415049632061264,
        "learning_rate": 0.0018970614394169755,
        "batch_size": 32,
        "nhead": 4,
        "weight_decay": 0.00037080792317954395
    }
}