{
    "svm": {
        "tol": 0.01,
        "probability": true,
        "kernel": "rbf",
        "gamma": 0.1,
        "class_weight": "balanced",
        "C": 100.0
    },
    "logistic_regression": {
        "tol": 0.01,
        "solver": "sag",
        "random_state": 42,
        "max_iter": 3000,
        "class_weight": "balanced",
        "C": 100.0
    },
    "lstm": {
        "hidden_size": 32,
        "num_layers": 2,
        "dropout": 0.254174578127313,
        "learning_rate": 0.0005039290363806723,
        "batch_size": 64,
        "weight_decay": 0.00011171354003836057
    },
    "transformer": {
        "d_model": 33,
        "num_layers": 1,
        "dropout": 0.43778034346061984,
        "learning_rate": 0.0005911675742708511,
        "batch_size": 16,
        "nhead": 4,
        "weight_decay": 0.0001126955521706553
    }
}