{
    "svm": {
        "tol": 1.0,
        "probability": true,
        "kernel": "linear",
        "gamma": 0.01,
        "class_weight": "balanced",
        "C": 10.0
    },
    "logistic_regression": {
        "tol": 0.01,
        "solver": "newton-cg",
        "random_state": 42,
        "max_iter": 3000,
        "class_weight": "balanced",
        "C": 10.0
    },
    "lstm": {
        "hidden_size": 36,
        "num_layers": 1,
        "dropout": 0.33468577030298213,
        "learning_rate": 0.0006272655643351257,
        "batch_size": 64,
        "weight_decay": 0.001441484209313219
    },
    "transformer": {
        "d_model": 82,
        "num_layers": 1,
        "dropout": 0.40290249114176957,
        "learning_rate": 0.0007398275094133423,
        "batch_size": 32,
        "nhead": 2,
        "weight_decay": 0.0005295145680985787
    }
}