{
    "svm": {
        "tol": 0.01,
        "probability": true,
        "kernel": "linear",
        "gamma": 1.0,
        "class_weight": "balanced",
        "C": 100.0
    },
    "logistic_regression": {
        "tol": 0.01,
        "solver": "newton-cg",
        "random_state": 42,
        "max_iter": 1000,
        "class_weight": "balanced",
        "C": 100.0
    },
    "lstm": {
        "hidden_size": 36,
        "num_layers": 2,
        "dropout": 0.3701149134143801,
        "learning_rate": 0.0008524523907531082,
        "batch_size": 32,
        "weight_decay": 0.003116384646805796
    },
    "transformer": {
        "d_model": 43,
        "num_layers": 1,
        "dropout": 0.23783030201257452,
        "learning_rate": 0.0005965045499863487,
        "batch_size": 32,
        "nhead": 4,
        "weight_decay": 0.00015812131116160974
    }
}