{
    "svm": {
        "tol": 0.01,
        "probability": true,
        "kernel": "rbf",
        "gamma": 0.1,
        "class_weight": "balanced",
        "C": 1.0
    },
    "logistic_regression": {
        "tol": 0.01,
        "solver": "lbfgs",
        "random_state": 42,
        "max_iter": 1000,
        "class_weight": "balanced",
        "C": 100.0
    },
    "lstm": {
        "hidden_size": 38,
        "num_layers": 2,
        "dropout": 0.234962386290893,
        "learning_rate": 0.0006994404725697319,
        "batch_size": 16,
        "weight_decay": 0.009605993394028428
    },
    "transformer": {
        "d_model": 96,
        "num_layers": 2,
        "dropout": 0.36760028080810253,
        "learning_rate": 0.0014162518971371977,
        "batch_size": 16,
        "nhead": 2,
        "weight_decay": 0.004909144429991119
    }
}