{
    "svm": {
        "tol": 0.01,
        "probability": true,
        "kernel": "rbf",
        "gamma": 0.1,
        "class_weight": "balanced",
        "C": 100.0
    },
    "logistic_regression": {
        "tol": 0.1,
        "solver": "sag",
        "random_state": 42,
        "max_iter": 2000,
        "class_weight": "balanced",
        "C": 10.0
    },
    "lstm": {
        "hidden_size": 70,
        "num_layers": 2,
        "dropout": 0.21252060317755025,
        "learning_rate": 0.001339390697560464,
        "batch_size": 64,
        "weight_decay": 0.0016563361588775223
    },
    "transformer": {
        "d_model": 56,
        "num_layers": 1,
        "dropout": 0.23282093660260214,
        "learning_rate": 0.0009895820241648098,
        "batch_size": 16,
        "nhead": 2,
        "weight_decay": 0.0006549122990882394
    }
}