{
    "svm": {
        "tol": 0.01,
        "probability": true,
        "kernel": "rbf",
        "gamma": 0.1,
        "class_weight": "balanced",
        "C": 1.0
    },
    "logistic_regression": {
        "tol": 1.0,
        "solver": "sag",
        "random_state": 42,
        "max_iter": 3000,
        "class_weight": "balanced",
        "C": 0.0001
    },
    "lstm": {
        "hidden_size": 61,
        "num_layers": 2,
        "dropout": 0.3799183063995255,
        "learning_rate": 0.0007875219947797489,
        "batch_size": 16,
        "weight_decay": 0.00042947635708039025
    },
    "transformer": {
        "d_model": 33,
        "num_layers": 2,
        "dropout": 0.20137868240083276,
        "learning_rate": 0.0005407757569602114,
        "batch_size": 32,
        "nhead": 4,
        "weight_decay": 0.009914924240359667
    }
}