{
    "svm": {
        "tol": 1.0,
        "probability": true,
        "kernel": "rbf",
        "gamma": 0.01,
        "class_weight": "balanced",
        "C": 100.0
    },
    "logistic_regression": {
        "tol": 0.01,
        "solver": "newton-cg",
        "random_state": 42,
        "max_iter": 1000,
        "class_weight": "balanced",
        "C": 100.0
    },
    "lstm": {
        "hidden_size": 52,
        "num_layers": 1,
        "dropout": 0.4660491212025574,
        "learning_rate": 0.0008445165167751537,
        "batch_size": 32,
        "weight_decay": 0.0004882770110125747
    },
    "transformer": {
        "d_model": 95,
        "num_layers": 2,
        "dropout": 0.43420481371626873,
        "learning_rate": 0.0007712281926229806,
        "batch_size": 64,
        "nhead": 2,
        "weight_decay": 0.00012052740574425446
    }
}