{
    "svm": {
        "tol": 0.01,
        "probability": true,
        "kernel": "rbf",
        "gamma": 0.1,
        "class_weight": "balanced",
        "C": 100.0
    },
    "logistic_regression": {
        "tol": 0.01,
        "solver": "newton-cg",
        "random_state": 42,
        "max_iter": 1000,
        "class_weight": "balanced",
        "C": 100.0
    },
    "lstm": {
        "hidden_size": 38,
        "num_layers": 1,
        "dropout": 0.467883726754376,
        "learning_rate": 0.0008075203407776332,
        "batch_size": 64,
        "weight_decay": 0.00022664828309672567
    },
    "transformer": {
        "d_model": 32,
        "num_layers": 1,
        "dropout": 0.49911185034261374,
        "learning_rate": 0.001401860929371137,
        "batch_size": 16,
        "nhead": 2,
        "weight_decay": 0.0036176479827167013
    }
}