{
    "svm": {
        "tol": 0.01,
        "probability": true,
        "kernel": "poly",
        "gamma": 0.01,
        "class_weight": "balanced",
        "C": 0.001
    },
    "logistic_regression": {
        "tol": 0.01,
        "solver": "lbfgs",
        "random_state": 42,
        "max_iter": 2000,
        "class_weight": "balanced",
        "C": 0.0001
    },
    "lstm": {
        "hidden_size": 86,
        "num_layers": 1,
        "dropout": 0.4310462476366738,
        "learning_rate": 0.0007206721778829967,
        "batch_size": 16,
        "weight_decay": 0.0020900673569997094
    },
    "transformer": {
        "d_model": 61,
        "num_layers": 2,
        "dropout": 0.20217960271183422,
        "learning_rate": 0.0006380756662829351,
        "batch_size": 16,
        "nhead": 4,
        "weight_decay": 0.0006130841752213825
    }
}