{
    "svm": {
        "tol": 1.0,
        "probability": true,
        "kernel": "rbf",
        "gamma": 0.01,
        "class_weight": "balanced",
        "C": 0.1
    },
    "logistic_regression": {
        "tol": 1.0,
        "solver": "saga",
        "random_state": 42,
        "max_iter": 3000,
        "class_weight": "balanced",
        "C": 0.0001
    },
    "lstm": {
        "hidden_size": 66,
        "num_layers": 1,
        "dropout": 0.27761163588564264,
        "learning_rate": 0.0005362777176611359,
        "batch_size": 64,
        "weight_decay": 0.0012364619910426877
    },
    "transformer": {
        "d_model": 47,
        "num_layers": 1,
        "dropout": 0.4767839286686281,
        "learning_rate": 0.0009469642222744836,
        "batch_size": 64,
        "nhead": 2,
        "weight_decay": 0.008694335411309654
    }
}