{
    "svm": {
        "tol": 0.01,
        "probability": true,
        "kernel": "rbf",
        "gamma": 0.1,
        "class_weight": "balanced",
        "C": 100.0
    },
    "logistic_regression": {
        "tol": 0.01,
        "solver": "newton-cg",
        "random_state": 42,
        "max_iter": 3000,
        "class_weight": "balanced",
        "C": 0.01
    },
    "lstm": {
        "hidden_size": 43,
        "num_layers": 1,
        "dropout": 0.24630410896267216,
        "learning_rate": 0.0006243300909676984,
        "batch_size": 64,
        "weight_decay": 0.0010070813709287514
    },
    "transformer": {
        "d_model": 78,
        "num_layers": 2,
        "dropout": 0.4092980346568917,
        "learning_rate": 0.0013598739333123024,
        "batch_size": 16,
        "nhead": 2,
        "weight_decay": 0.0009083269399706998
    }
}