{
    "svm": {
        "tol": 1.0,
        "probability": true,
        "kernel": "linear",
        "gamma": 0.001,
        "class_weight": "balanced",
        "C": 0.1
    },
    "logistic_regression": {
        "tol": 0.1,
        "solver": "sag",
        "random_state": 42,
        "max_iter": 3000,
        "class_weight": "balanced",
        "C": 1.0
    },
    "lstm": {
        "hidden_size": 50,
        "num_layers": 1,
        "dropout": 0.40756653420844047,
        "learning_rate": 0.000510934635025337,
        "batch_size": 64,
        "weight_decay": 0.0008601096913127426
    },
    "transformer": {
        "d_model": 38,
        "num_layers": 2,
        "dropout": 0.4984053130965647,
        "learning_rate": 0.000917127781018232,
        "batch_size": 32,
        "nhead": 2,
        "weight_decay": 0.00045612611252779107
    }
}