{
    "svm": {
        "tol": 0.01,
        "probability": true,
        "kernel": "linear",
        "gamma": 0.001,
        "class_weight": "balanced",
        "C": 0.01
    },
    "logistic_regression": {
        "tol": 0.1,
        "solver": "saga",
        "random_state": 42,
        "max_iter": 1000,
        "class_weight": "balanced",
        "C": 100.0
    },
    "lstm": {
        "hidden_size": 51,
        "num_layers": 1,
        "dropout": 0.4103981242397787,
        "learning_rate": 0.0006041165417310469,
        "batch_size": 64,
        "weight_decay": 0.0007870039767090371
    },
    "transformer": {
        "d_model": 60,
        "num_layers": 2,
        "dropout": 0.2583839500325582,
        "learning_rate": 0.0008980396713591519,
        "batch_size": 16,
        "nhead": 2,
        "weight_decay": 0.009660225037761972
    }
}