{
    "svm": {
        "tol": 100.0,
        "probability": true,
        "kernel": "linear",
        "gamma": 0.1,
        "class_weight": "balanced",
        "C": 0.01
    },
    "logistic_regression": {
        "tol": 1.0,
        "solver": "sag",
        "random_state": 42,
        "max_iter": 3000,
        "class_weight": "balanced",
        "C": 0.0001
    },
    "lstm": {
        "hidden_size": 56,
        "num_layers": 2,
        "dropout": 0.43350429997764506,
        "learning_rate": 0.0012031259291030683,
        "batch_size": 64,
        "weight_decay": 0.0028028461824816664
    },
    "transformer": {
        "d_model": 33,
        "num_layers": 2,
        "dropout": 0.2085960007311153,
        "learning_rate": 0.0012161211508139472,
        "batch_size": 16,
        "nhead": 4,
        "weight_decay": 0.005015421789601597
    }
}