{
    "svm": {
        "tol": 0.01,
        "probability": true,
        "kernel": "rbf",
        "gamma": 0.1,
        "class_weight": "balanced",
        "C": 100.0
    },
    "logistic_regression": {
        "tol": 0.01,
        "solver": "newton-cg",
        "random_state": 42,
        "max_iter": 1000,
        "class_weight": "balanced",
        "C": 100.0
    },
    "lstm": {
        "hidden_size": 38,
        "num_layers": 2,
        "dropout": 0.29768679356211775,
        "learning_rate": 0.0019923005482415934,
        "batch_size": 16,
        "weight_decay": 0.00026200042690635773
    },
    "transformer": {
        "d_model": 93,
        "num_layers": 2,
        "dropout": 0.339851031446457,
        "learning_rate": 0.0015614447796823065,
        "batch_size": 16,
        "nhead": 2,
        "weight_decay": 0.0012384209685654076
    }
}