{
    "svm": {
        "tol": 0.01,
        "probability": true,
        "kernel": "rbf",
        "gamma": 0.1,
        "class_weight": "balanced",
        "C": 100.0
    },
    "logistic_regression": {
        "tol": 0.01,
        "solver": "newton-cg",
        "random_state": 42,
        "max_iter": 1000,
        "class_weight": "balanced",
        "C": 100.0
    },
    "lstm": {
        "hidden_size": 53,
        "num_layers": 2,
        "dropout": 0.4946381619477601,
        "learning_rate": 0.0005021300303885935,
        "batch_size": 32,
        "weight_decay": 0.0008199285915036009
    },
    "transformer": {
        "d_model": 76,
        "num_layers": 1,
        "dropout": 0.37387154408448114,
        "learning_rate": 0.0010273740798651906,
        "batch_size": 32,
        "nhead": 2,
        "weight_decay": 0.0003105978853846006
    }
}