{
    "svm": {
        "tol": 0.01,
        "probability": true,
        "kernel": "rbf",
        "gamma": 0.1,
        "class_weight": "balanced",
        "C": 100.0
    },
    "logistic_regression": {
        "tol": 0.01,
        "solver": "newton-cg",
        "random_state": 42,
        "max_iter": 1000,
        "class_weight": "balanced",
        "C": 100.0
    },
    "lstm": {
        "hidden_size": 53,
        "num_layers": 1,
        "dropout": 0.20893250207264114,
        "learning_rate": 0.0016200733874935475,
        "batch_size": 64,
        "weight_decay": 0.0003582280952323569
    },
    "transformer": {
        "d_model": 62,
        "num_layers": 2,
        "dropout": 0.4622864080306836,
        "learning_rate": 0.0019598661003890766,
        "batch_size": 16,
        "nhead": 4,
        "weight_decay": 0.0057682140464816916
    }
}