{
    "svm": {
        "tol": 100.0,
        "probability": true,
        "kernel": "linear",
        "gamma": 0.1,
        "class_weight": "balanced",
        "C": 0.01
    },
    "logistic_regression": {
        "tol": 0.01,
        "solver": "lbfgs",
        "random_state": 42,
        "max_iter": 1000,
        "class_weight": "balanced",
        "C": 10.0
    },
    "lstm": {
        "hidden_size": 45,
        "num_layers": 2,
        "dropout": 0.4628691208965089,
        "learning_rate": 0.0008014788753196253,
        "batch_size": 64,
        "weight_decay": 0.005175174563946455
    },
    "transformer": {
        "d_model": 64,
        "num_layers": 2,
        "dropout": 0.49692037536057365,
        "learning_rate": 0.0005310138208627271,
        "batch_size": 64,
        "nhead": 2,
        "weight_decay": 0.009292564172078856
    }
}