{
    "svm": {
        "tol": 0.01,
        "probability": true,
        "kernel": "rbf",
        "gamma": 0.1,
        "class_weight": "balanced",
        "C": 100.0
    },
    "logistic_regression": {
        "tol": 0.01,
        "solver": "lbfgs",
        "random_state": 42,
        "max_iter": 1000,
        "class_weight": "balanced",
        "C": 10.0
    },
    "lstm": {
        "hidden_size": 42,
        "num_layers": 2,
        "dropout": 0.20112137696274393,
        "learning_rate": 0.000910935300946129,
        "batch_size": 16,
        "weight_decay": 0.0005218407287277705
    },
    "transformer": {
        "d_model": 62,
        "num_layers": 2,
        "dropout": 0.239437809779549,
        "learning_rate": 0.0016444201894008146,
        "batch_size": 16,
        "nhead": 2,
        "weight_decay": 0.008001180422736114
    }
}