{
    "svm": {
        "tol": 0.01,
        "probability": true,
        "kernel": "linear",
        "gamma": 1.0,
        "class_weight": "balanced",
        "C": 100.0
    },
    "logistic_regression": {
        "tol": 0.01,
        "solver": "newton-cg",
        "random_state": 42,
        "max_iter": 1000,
        "class_weight": "balanced",
        "C": 100.0
    },
    "lstm": {
        "hidden_size": 63,
        "num_layers": 1,
        "dropout": 0.4868105507875441,
        "learning_rate": 0.0010421561140622625,
        "batch_size": 64,
        "weight_decay": 0.005281559064778991
    },
    "transformer": {
        "d_model": 67,
        "num_layers": 1,
        "dropout": 0.39481924571220195,
        "learning_rate": 0.001764886727185182,
        "batch_size": 64,
        "nhead": 4,
        "weight_decay": 0.0009128686498543936
    }
}