{
    "svm": {
        "tol": 0.01,
        "probability": true,
        "kernel": "rbf",
        "gamma": 0.1,
        "class_weight": "balanced",
        "C": 1.0
    },
    "logistic_regression": {
        "tol": 0.01,
        "solver": "newton-cg",
        "random_state": 42,
        "max_iter": 3000,
        "class_weight": "balanced",
        "C": 10.0
    },
    "lstm": {
        "hidden_size": 45,
        "num_layers": 2,
        "dropout": 0.44783847864497284,
        "learning_rate": 0.0007590251975782526,
        "batch_size": 32,
        "weight_decay": 0.001319125640880168
    },
    "transformer": {
        "d_model": 71,
        "num_layers": 1,
        "dropout": 0.2278748025424155,
        "learning_rate": 0.0019160004687460049,
        "batch_size": 32,
        "nhead": 4,
        "weight_decay": 0.00010867756735840498
    }
}