{
    "svm": {
        "tol": 0.01,
        "probability": true,
        "kernel": "rbf",
        "gamma": 0.1,
        "class_weight": "balanced",
        "C": 100.0
    },
    "logistic_regression": {
        "tol": 0.01,
        "solver": "newton-cg",
        "random_state": 42,
        "max_iter": 1000,
        "class_weight": "balanced",
        "C": 100.0
    },
    "lstm": {
        "hidden_size": 38,
        "num_layers": 1,
        "dropout": 0.44716502916323786,
        "learning_rate": 0.0005511240181646608,
        "batch_size": 64,
        "weight_decay": 0.008445970856849035
    },
    "transformer": {
        "d_model": 39,
        "num_layers": 2,
        "dropout": 0.4901087120114484,
        "learning_rate": 0.0015510071636741672,
        "batch_size": 16,
        "nhead": 4,
        "weight_decay": 0.00010069556323826032
    }
}