{
    "svm": {
        "tol": 100.0,
        "probability": true,
        "kernel": "linear",
        "gamma": 0.1,
        "class_weight": "balanced",
        "C": 0.01
    },
    "logistic_regression": {
        "tol": 0.01,
        "solver": "lbfgs",
        "random_state": 42,
        "max_iter": 1000,
        "class_weight": "balanced",
        "C": 100.0
    },
    "lstm": {
        "hidden_size": 32,
        "num_layers": 2,
        "dropout": 0.3718079324691299,
        "learning_rate": 0.0007015888800774666,
        "batch_size": 64,
        "weight_decay": 0.001997001511879765
    },
    "transformer": {
        "d_model": 80,
        "num_layers": 2,
        "dropout": 0.26202846589448886,
        "learning_rate": 0.0005619711909941208,
        "batch_size": 16,
        "nhead": 4,
        "weight_decay": 0.0034713933205657733
    }
}