{
    "svm": {
        "tol": 0.01,
        "probability": true,
        "kernel": "rbf",
        "gamma": 0.1,
        "class_weight": "balanced",
        "C": 1.0
    },
    "logistic_regression": {
        "tol": 0.01,
        "solver": "newton-cg",
        "random_state": 42,
        "max_iter": 1000,
        "class_weight": "balanced",
        "C": 100.0
    },
    "lstm": {
        "hidden_size": 48,
        "num_layers": 2,
        "dropout": 0.33515615392959414,
        "learning_rate": 0.0008637550045895293,
        "batch_size": 16,
        "weight_decay": 0.0037260680717526064
    },
    "transformer": {
        "d_model": 32,
        "num_layers": 1,
        "dropout": 0.4755384573092788,
        "learning_rate": 0.0005457242999886723,
        "batch_size": 16,
        "nhead": 4,
        "weight_decay": 0.00022675857286453085
    }
}