{
    "svm": {
        "tol": 0.01,
        "probability": true,
        "kernel": "rbf",
        "gamma": 0.1,
        "class_weight": "balanced",
        "C": 100.0
    },
    "logistic_regression": {
        "tol": 0.01,
        "solver": "newton-cg",
        "random_state": 42,
        "max_iter": 3000,
        "class_weight": "balanced",
        "C": 10.0
    },
    "lstm": {
        "hidden_size": 84,
        "num_layers": 1,
        "dropout": 0.3985957808699127,
        "learning_rate": 0.0018535897276126024,
        "batch_size": 16,
        "weight_decay": 0.001486741358040642
    },
    "transformer": {
        "d_model": 47,
        "num_layers": 1,
        "dropout": 0.25897955251404015,
        "learning_rate": 0.0017626740780275472,
        "batch_size": 32,
        "nhead": 2,
        "weight_decay": 0.0014120538966969516
    }
}