{
    "svm": {
        "tol": 0.01,
        "probability": true,
        "kernel": "rbf",
        "gamma": 0.1,
        "class_weight": "balanced",
        "C": 1.0
    },
    "logistic_regression": {
        "tol": 1.0,
        "solver": "sag",
        "random_state": 42,
        "max_iter": 3000,
        "class_weight": "balanced",
        "C": 0.1
    },
    "lstm": {
        "hidden_size": 32,
        "num_layers": 1,
        "dropout": 0.4068806635683031,
        "learning_rate": 0.0005061755699121632,
        "batch_size": 32,
        "weight_decay": 0.00023963160652758678
    },
    "transformer": {
        "d_model": 53,
        "num_layers": 1,
        "dropout": 0.4579222008105839,
        "learning_rate": 0.0006698081074610326,
        "batch_size": 64,
        "nhead": 2,
        "weight_decay": 0.0010694533449450048
    }
}