{
    "svm": {
        "tol": 0.1,
        "probability": true,
        "kernel": "rbf",
        "gamma": 0.1,
        "class_weight": "balanced",
        "C": 10.0
    },
    "logistic_regression": {
        "tol": 0.01,
        "solver": "sag",
        "random_state": 42,
        "max_iter": 3000,
        "class_weight": "balanced",
        "C": 100.0
    },
    "lstm": {
        "hidden_size": 59,
        "num_layers": 1,
        "dropout": 0.4522313236687704,
        "learning_rate": 0.001582739846721663,
        "batch_size": 32,
        "weight_decay": 0.00394964048093153
    },
    "transformer": {
        "d_model": 70,
        "num_layers": 2,
        "dropout": 0.30150136293264074,
        "learning_rate": 0.0007417634453036697,
        "batch_size": 16,
        "nhead": 4,
        "weight_decay": 0.00047025263530054616
    }
}