{
    "svm": {
        "tol": 0.01,
        "probability": true,
        "kernel": "linear",
        "gamma": 0.001,
        "class_weight": "balanced",
        "C": 0.01
    },
    "logistic_regression": {
        "tol": 1.0,
        "solver": "saga",
        "random_state": 42,
        "max_iter": 2000,
        "class_weight": "balanced",
        "C": 100.0
    },
    "lstm": {
        "hidden_size": 46,
        "num_layers": 1,
        "dropout": 0.32241155181940656,
        "learning_rate": 0.0005418913383656628,
        "batch_size": 64,
        "weight_decay": 0.0006544688493503305
    },
    "transformer": {
        "d_model": 35,
        "num_layers": 1,
        "dropout": 0.45411552218017254,
        "learning_rate": 0.0013181885021879539,
        "batch_size": 32,
        "nhead": 4,
        "weight_decay": 0.0001707075140763327
    }
}