{
    "svm": {
        "tol": 0.01,
        "probability": true,
        "kernel": "rbf",
        "gamma": 0.1,
        "class_weight": "balanced",
        "C": 100.0
    },
    "logistic_regression": {
        "tol": 0.01,
        "solver": "lbfgs",
        "random_state": 42,
        "max_iter": 1000,
        "class_weight": "balanced",
        "C": 100.0
    },
    "lstm": {
        "hidden_size": 58,
        "num_layers": 1,
        "dropout": 0.488619320183054,
        "learning_rate": 0.0019879129307701715,
        "batch_size": 16,
        "weight_decay": 0.0019356641310553618
    },
    "transformer": {
        "d_model": 35,
        "num_layers": 2,
        "dropout": 0.34198570075168483,
        "learning_rate": 0.0006629803349163858,
        "batch_size": 64,
        "nhead": 4,
        "weight_decay": 0.0022645251053275447
    }
}