{
    "svm": {
        "tol": 0.01,
        "probability": true,
        "kernel": "rbf",
        "gamma": 0.1,
        "class_weight": "balanced",
        "C": 100.0
    },
    "logistic_regression": {
        "tol": 0.01,
        "solver": "lbfgs",
        "random_state": 42,
        "max_iter": 1000,
        "class_weight": "balanced",
        "C": 100.0
    },
    "lstm": {
        "hidden_size": 48,
        "num_layers": 2,
        "dropout": 0.38122791741804396,
        "learning_rate": 0.001514343090101778,
        "batch_size": 64,
        "weight_decay": 0.0004279747338431417
    },
    "transformer": {
        "d_model": 42,
        "num_layers": 2,
        "dropout": 0.44855813145343043,
        "learning_rate": 0.0007367371609779777,
        "batch_size": 16,
        "nhead": 4,
        "weight_decay": 0.00010834969283595805
    }
}