{
    "svm": {
        "tol": 0.01,
        "probability": true,
        "kernel": "rbf",
        "gamma": 0.1,
        "class_weight": "balanced",
        "C": 100.0
    },
    "logistic_regression": {
        "tol": 0.01,
        "solver": "sag",
        "random_state": 42,
        "max_iter": 1000,
        "class_weight": "balanced",
        "C": 10.0
    },
    "lstm": {
        "hidden_size": 58,
        "num_layers": 1,
        "dropout": 0.3556977809351298,
        "learning_rate": 0.0016570678229701657,
        "batch_size": 32,
        "weight_decay": 0.00021657788226855473
    },
    "transformer": {
        "d_model": 82,
        "num_layers": 2,
        "dropout": 0.40768915120156196,
        "learning_rate": 0.0018092357685209524,
        "batch_size": 16,
        "nhead": 2,
        "weight_decay": 0.0002920721170352863
    }
}