{
    "svm": {
        "tol": 0.01,
        "probability": true,
        "kernel": "poly",
        "gamma": 1.0,
        "class_weight": "balanced",
        "C": 100.0
    },
    "logistic_regression": {
        "tol": 0.01,
        "solver": "lbfgs",
        "random_state": 42,
        "max_iter": 1000,
        "class_weight": "balanced",
        "C": 100.0
    },
    "lstm": {
        "hidden_size": 89,
        "num_layers": 2,
        "dropout": 0.22817637649773148,
        "learning_rate": 0.0010049745880198644,
        "batch_size": 64,
        "weight_decay": 0.0005095605412378164
    },
    "transformer": {
        "d_model": 54,
        "num_layers": 1,
        "dropout": 0.32482489996174907,
        "learning_rate": 0.0006056574668272954,
        "batch_size": 32,
        "nhead": 2,
        "weight_decay": 0.00029894088098664836
    }
}