{
    "svm": {
        "tol": 0.01,
        "probability": true,
        "kernel": "rbf",
        "gamma": 0.1,
        "class_weight": "balanced",
        "C": 100.0
    },
    "logistic_regression": {
        "tol": 0.01,
        "solver": "lbfgs",
        "random_state": 42,
        "max_iter": 2000,
        "class_weight": "balanced",
        "C": 1.0
    },
    "lstm": {
        "hidden_size": 36,
        "num_layers": 2,
        "dropout": 0.33810318037750603,
        "learning_rate": 0.0010611469744180536,
        "batch_size": 16,
        "weight_decay": 0.003679953653315873
    },
    "transformer": {
        "d_model": 53,
        "num_layers": 1,
        "dropout": 0.3339998449679619,
        "learning_rate": 0.0016710057754314635,
        "batch_size": 32,
        "nhead": 4,
        "weight_decay": 0.0014995068507444918
    }
}