{
    "svm": {
        "tol": 0.01,
        "probability": true,
        "kernel": "rbf",
        "gamma": 0.1,
        "class_weight": "balanced",
        "C": 1.0
    },
    "logistic_regression": {
        "tol": 0.01,
        "solver": "lbfgs",
        "random_state": 42,
        "max_iter": 1000,
        "class_weight": "balanced",
        "C": 10.0
    },
    "lstm": {
        "hidden_size": 32,
        "num_layers": 1,
        "dropout": 0.4487147787898245,
        "learning_rate": 0.0006375090903110003,
        "batch_size": 64,
        "weight_decay": 0.00017336107304218167
    },
    "transformer": {
        "d_model": 43,
        "num_layers": 1,
        "dropout": 0.294744861290211,
        "learning_rate": 0.0005002559776399127,
        "batch_size": 16,
        "nhead": 2,
        "weight_decay": 0.0008456057855458172
    }
}