{
    "svm": {
        "tol": 1.0,
        "probability": true,
        "kernel": "rbf",
        "gamma": 0.01,
        "class_weight": "balanced",
        "C": 1.0
    },
    "logistic_regression": {
        "tol": 0.01,
        "solver": "saga",
        "random_state": 42,
        "max_iter": 3000,
        "class_weight": "balanced",
        "C": 10.0
    },
    "lstm": {
        "hidden_size": 84,
        "num_layers": 2,
        "dropout": 0.34848401213536945,
        "learning_rate": 0.0013663213348380485,
        "batch_size": 32,
        "weight_decay": 0.0006131085361473605
    },
    "transformer": {
        "d_model": 43,
        "num_layers": 1,
        "dropout": 0.3761942711098332,
        "learning_rate": 0.0008352876924338164,
        "batch_size": 32,
        "nhead": 4,
        "weight_decay": 0.0028326509266005826
    }
}