{
    "svm": {
        "tol": 0.01,
        "probability": true,
        "kernel": "rbf",
        "gamma": 0.1,
        "class_weight": "balanced",
        "C": 1.0
    },
    "logistic_regression": {
        "tol": 0.01,
        "solver": "saga",
        "random_state": 42,
        "max_iter": 2000,
        "class_weight": "balanced",
        "C": 1.0
    },
    "lstm": {
        "hidden_size": 63,
        "num_layers": 2,
        "dropout": 0.4972888108550804,
        "learning_rate": 0.000994240863885572,
        "batch_size": 16,
        "weight_decay": 0.0026390871757240846
    },
    "transformer": {
        "d_model": 81,
        "num_layers": 2,
        "dropout": 0.2816416608210591,
        "learning_rate": 0.0014008284924181826,
        "batch_size": 16,
        "nhead": 2,
        "weight_decay": 0.006931406960952519
    }
}