{
    "svm": {
        "tol": 0.01,
        "probability": true,
        "kernel": "rbf",
        "gamma": 0.1,
        "class_weight": "balanced",
        "C": 1.0
    },
    "logistic_regression": {
        "tol": 0.01,
        "solver": "newton-cg",
        "random_state": 42,
        "max_iter": 3000,
        "class_weight": "balanced",
        "C": 10.0
    },
    "lstm": {
        "hidden_size": 62,
        "num_layers": 2,
        "dropout": 0.4405107331859754,
        "learning_rate": 0.0005106457509908756,
        "batch_size": 32,
        "weight_decay": 0.0004182792623364438
    },
    "transformer": {
        "d_model": 59,
        "num_layers": 2,
        "dropout": 0.3176726442442013,
        "learning_rate": 0.0013901179363948188,
        "batch_size": 32,
        "nhead": 2,
        "weight_decay": 0.0014388690441536698
    }
}