{
    "svm": {
        "tol": 0.01,
        "probability": true,
        "kernel": "rbf",
        "gamma": 0.1,
        "class_weight": "balanced",
        "C": 1.0
    },
    "logistic_regression": {
        "tol": 1.0,
        "solver": "sag",
        "random_state": 42,
        "max_iter": 3000,
        "class_weight": "balanced",
        "C": 0.1
    },
    "lstm": {
        "hidden_size": 33,
        "num_layers": 1,
        "dropout": 0.25504135278095774,
        "learning_rate": 0.0010605325707980881,
        "batch_size": 16,
        "weight_decay": 0.0004806422073365064
    },
    "transformer": {
        "d_model": 37,
        "num_layers": 2,
        "dropout": 0.3114402858113427,
        "learning_rate": 0.001278072404194251,
        "batch_size": 16,
        "nhead": 4,
        "weight_decay": 0.004294170813061875
    }
}