{
    "svm": {
        "tol": 1.0,
        "probability": true,
        "kernel": "poly",
        "gamma": 0.01,
        "class_weight": "balanced",
        "C": 1.0
    },
    "logistic_regression": {
        "tol": 1.0,
        "solver": "sag",
        "random_state": 42,
        "max_iter": 3000,
        "class_weight": "balanced",
        "C": 0.1
    },
    "lstm": {
        "hidden_size": 32,
        "num_layers": 1,
        "dropout": 0.41214875349087227,
        "learning_rate": 0.0010460776245252799,
        "batch_size": 64,
        "weight_decay": 0.0003987974779521532
    },
    "transformer": {
        "d_model": 57,
        "num_layers": 1,
        "dropout": 0.47899842130750614,
        "learning_rate": 0.0008155609068344115,
        "batch_size": 64,
        "nhead": 4,
        "weight_decay": 0.0012596714111759923
    }
}