{
    "svm": {
        "tol": 0.1,
        "probability": true,
        "kernel": "linear",
        "gamma": 0.001,
        "class_weight": "balanced",
        "C": 100.0
    },
    "logistic_regression": {
        "tol": 1.0,
        "solver": "saga",
        "random_state": 42,
        "max_iter": 3000,
        "class_weight": "balanced",
        "C": 0.0001
    },
    "lstm": {
        "hidden_size": 52,
        "num_layers": 1,
        "dropout": 0.37944036645443835,
        "learning_rate": 0.0007160544724088339,
        "batch_size": 32,
        "weight_decay": 0.0011808043147173376
    },
    "transformer": {
        "d_model": 55,
        "num_layers": 2,
        "dropout": 0.36313923981820223,
        "learning_rate": 0.0013366978146019935,
        "batch_size": 32,
        "nhead": 2,
        "weight_decay": 0.0006750319201989586
    }
}