{
    "svm": {
        "tol": 0.01,
        "probability": true,
        "kernel": "rbf",
        "gamma": 0.1,
        "class_weight": "balanced",
        "C": 100.0
    },
    "logistic_regression": {
        "tol": 1.0,
        "solver": "sag",
        "random_state": 42,
        "max_iter": 3000,
        "class_weight": "balanced",
        "C": 1.0
    },
    "lstm": {
        "hidden_size": 77,
        "num_layers": 2,
        "dropout": 0.3972976136876283,
        "learning_rate": 0.0011281412971895948,
        "batch_size": 16,
        "weight_decay": 0.00919844585173733
    },
    "transformer": {
        "d_model": 63,
        "num_layers": 1,
        "dropout": 0.31171012782394386,
        "learning_rate": 0.0017622273360291753,
        "batch_size": 16,
        "nhead": 2,
        "weight_decay": 0.009913538509550688
    }
}