{
    "svm": {
        "tol": 0.01,
        "probability": true,
        "kernel": "rbf",
        "gamma": 0.1,
        "class_weight": "balanced",
        "C": 100.0
    },
    "logistic_regression": {
        "tol": 0.01,
        "solver": "sag",
        "random_state": 42,
        "max_iter": 1000,
        "class_weight": "balanced",
        "C": 10.0
    },
    "lstm": {
        "hidden_size": 90,
        "num_layers": 2,
        "dropout": 0.46464488953759064,
        "learning_rate": 0.0012853127709481196,
        "batch_size": 32,
        "weight_decay": 0.0005261986651380712
    },
    "transformer": {
        "d_model": 87,
        "num_layers": 2,
        "dropout": 0.32505249420405957,
        "learning_rate": 0.0015890314027758557,
        "batch_size": 16,
        "nhead": 2,
        "weight_decay": 0.0006454826371371129
    }
}