{
    "svm": {
        "tol": 0.1,
        "probability": true,
        "kernel": "rbf",
        "gamma": 0.1,
        "class_weight": "balanced",
        "C": 10.0
    },
    "logistic_regression": {
        "tol": 0.01,
        "solver": "lbfgs",
        "random_state": 42,
        "max_iter": 1000,
        "class_weight": "balanced",
        "C": 10.0
    },
    "lstm": {
        "hidden_size": 51,
        "num_layers": 2,
        "dropout": 0.385116593805398,
        "learning_rate": 0.0017433657909950932,
        "batch_size": 32,
        "weight_decay": 0.006693561509709514
    },
    "transformer": {
        "d_model": 91,
        "num_layers": 2,
        "dropout": 0.30564806261691196,
        "learning_rate": 0.0016501590622295058,
        "batch_size": 32,
        "nhead": 2,
        "weight_decay": 0.0016405575883279646
    }
}