{
    "svm": {
        "tol": 0.1,
        "probability": true,
        "kernel": "rbf",
        "gamma": 0.1,
        "class_weight": "balanced",
        "C": 10.0
    },
    "logistic_regression": {
        "tol": 1.0,
        "solver": "saga",
        "random_state": 42,
        "max_iter": 3000,
        "class_weight": "balanced",
        "C": 0.0001
    },
    "lstm": {
        "hidden_size": 46,
        "num_layers": 1,
        "dropout": 0.4643950712278049,
        "learning_rate": 0.0005771384227269778,
        "batch_size": 64,
        "weight_decay": 0.000447343856839893
    },
    "transformer": {
        "d_model": 39,
        "num_layers": 2,
        "dropout": 0.36806262696220526,
        "learning_rate": 0.0013767464743492074,
        "batch_size": 64,
        "nhead": 4,
        "weight_decay": 0.0004230228678722669
    }
}