{
    "svm": {
        "tol": 0.01,
        "probability": true,
        "kernel": "rbf",
        "gamma": 0.1,
        "class_weight": "balanced",
        "C": 1.0
    },
    "logistic_regression": {
        "tol": 0.01,
        "solver": "lbfgs",
        "random_state": 42,
        "max_iter": 1000,
        "class_weight": "balanced",
        "C": 10.0
    },
    "lstm": {
        "hidden_size": 58,
        "num_layers": 2,
        "dropout": 0.38802749797154246,
        "learning_rate": 0.001446935663007667,
        "batch_size": 64,
        "weight_decay": 0.002851632252098278
    },
    "transformer": {
        "d_model": 43,
        "num_layers": 2,
        "dropout": 0.47809722186228926,
        "learning_rate": 0.0010091710751185753,
        "batch_size": 64,
        "nhead": 2,
        "weight_decay": 0.005063977109742393
    }
}