{
    "svm": {
        "tol": 0.01,
        "probability": true,
        "kernel": "linear",
        "gamma": 1.0,
        "class_weight": "balanced",
        "C": 100.0
    },
    "logistic_regression": {
        "tol": 0.01,
        "solver": "newton-cg",
        "random_state": 42,
        "max_iter": 1000,
        "class_weight": "balanced",
        "C": 100.0
    },
    "lstm": {
        "hidden_size": 59,
        "num_layers": 2,
        "dropout": 0.2951518643259778,
        "learning_rate": 0.0009531541000591171,
        "batch_size": 32,
        "weight_decay": 0.0010324331081003643
    },
    "transformer": {
        "d_model": 64,
        "num_layers": 2,
        "dropout": 0.33988387758370614,
        "learning_rate": 0.001012888430603756,
        "batch_size": 16,
        "nhead": 4,
        "weight_decay": 0.00912588426874231
    }
}