{
    "svm": {
        "tol": 100.0,
        "probability": true,
        "kernel": "linear",
        "gamma": 0.1,
        "class_weight": "balanced",
        "C": 0.01
    },
    "logistic_regression": {
        "tol": 0.01,
        "solver": "newton-cg",
        "random_state": 42,
        "max_iter": 3000,
        "class_weight": "balanced",
        "C": 0.001
    },
    "lstm": {
        "hidden_size": 72,
        "num_layers": 2,
        "dropout": 0.3169587166133985,
        "learning_rate": 0.0005064559350135339,
        "batch_size": 16,
        "weight_decay": 0.000595258803924724
    },
    "transformer": {
        "d_model": 46,
        "num_layers": 2,
        "dropout": 0.2768397495753111,
        "learning_rate": 0.0007678949301945807,
        "batch_size": 64,
        "nhead": 2,
        "weight_decay": 0.0001775399235163415
    }
}