{
    "svm": {
        "tol": 0.01,
        "probability": true,
        "kernel": "rbf",
        "gamma": 0.1,
        "class_weight": "balanced",
        "C": 1.0
    },
    "logistic_regression": {
        "tol": 0.01,
        "solver": "saga",
        "random_state": 42,
        "max_iter": 3000,
        "class_weight": "balanced",
        "C": 100.0
    },
    "lstm": {
        "hidden_size": 80,
        "num_layers": 1,
        "dropout": 0.3121315231736678,
        "learning_rate": 0.0005116534046674227,
        "batch_size": 64,
        "weight_decay": 0.00011040760391601019
    },
    "transformer": {
        "d_model": 44,
        "num_layers": 1,
        "dropout": 0.4322605276889998,
        "learning_rate": 0.0009581427817389078,
        "batch_size": 64,
        "nhead": 4,
        "weight_decay": 0.0001345678620837702
    }
}