{
    "svm": {
        "tol": 0.01,
        "probability": true,
        "kernel": "rbf",
        "gamma": 0.1,
        "class_weight": "balanced",
        "C": 100.0
    },
    "logistic_regression": {
        "tol": 1.0,
        "solver": "sag",
        "random_state": 42,
        "max_iter": 3000,
        "class_weight": "balanced",
        "C": 1.0
    },
    "lstm": {
        "hidden_size": 58,
        "num_layers": 1,
        "dropout": 0.23670399802696565,
        "learning_rate": 0.0008554038612381687,
        "batch_size": 64,
        "weight_decay": 0.0008578565148365097
    },
    "transformer": {
        "d_model": 51,
        "num_layers": 1,
        "dropout": 0.2507568880493929,
        "learning_rate": 0.0008052947038355139,
        "batch_size": 64,
        "nhead": 4,
        "weight_decay": 0.00025179339823230693
    }
}