{
    "svm": {
        "tol": 0.01,
        "probability": true,
        "kernel": "rbf",
        "gamma": 0.1,
        "class_weight": "balanced",
        "C": 100.0
    },
    "logistic_regression": {
        "tol": 0.01,
        "solver": "newton-cg",
        "random_state": 42,
        "max_iter": 1000,
        "class_weight": "balanced",
        "C": 100.0
    },
    "lstm": {
        "hidden_size": 55,
        "num_layers": 2,
        "dropout": 0.390890092588111,
        "learning_rate": 0.0008483557491719212,
        "batch_size": 64,
        "weight_decay": 0.0002590948387369501
    },
    "transformer": {
        "d_model": 72,
        "num_layers": 1,
        "dropout": 0.37826316988940606,
        "learning_rate": 0.0006128588840681389,
        "batch_size": 32,
        "nhead": 2,
        "weight_decay": 0.0059586707132619635
    }
}