{
    "svm": {
        "tol": 0.01,
        "probability": true,
        "kernel": "rbf",
        "gamma": 0.1,
        "class_weight": "balanced",
        "C": 1.0
    },
    "logistic_regression": {
        "tol": 0.01,
        "solver": "lbfgs",
        "random_state": 42,
        "max_iter": 1000,
        "class_weight": "balanced",
        "C": 100.0
    },
    "lstm": {
        "hidden_size": 44,
        "num_layers": 2,
        "dropout": 0.38154349111012376,
        "learning_rate": 0.0005627809110544952,
        "batch_size": 32,
        "weight_decay": 0.0008852301378320613
    },
    "transformer": {
        "d_model": 87,
        "num_layers": 2,
        "dropout": 0.33116170973730147,
        "learning_rate": 0.0016637943241528635,
        "batch_size": 16,
        "nhead": 4,
        "weight_decay": 0.0005250262763932357
    }
}