{
    "svm": {
        "tol": 0.01,
        "probability": true,
        "kernel": "rbf",
        "gamma": 0.1,
        "class_weight": "balanced",
        "C": 100.0
    },
    "logistic_regression": {
        "tol": 0.01,
        "solver": "newton-cg",
        "random_state": 42,
        "max_iter": 3000,
        "class_weight": "balanced",
        "C": 10.0
    },
    "lstm": {
        "hidden_size": 61,
        "num_layers": 1,
        "dropout": 0.20581469408613687,
        "learning_rate": 0.000708283651631092,
        "batch_size": 64,
        "weight_decay": 0.005025656249844551
    },
    "transformer": {
        "d_model": 55,
        "num_layers": 2,
        "dropout": 0.40157077624692317,
        "learning_rate": 0.0014625493938891531,
        "batch_size": 64,
        "nhead": 2,
        "weight_decay": 0.0018601621037994736
    }
}