{
    "svm": {
        "tol": 0.01,
        "probability": true,
        "kernel": "rbf",
        "gamma": 0.1,
        "class_weight": "balanced",
        "C": 1.0
    },
    "logistic_regression": {
        "tol": 0.01,
        "solver": "newton-cg",
        "random_state": 42,
        "max_iter": 3000,
        "class_weight": "balanced",
        "C": 10.0
    },
    "lstm": {
        "hidden_size": 58,
        "num_layers": 2,
        "dropout": 0.2962200955931708,
        "learning_rate": 0.0007611659437579762,
        "batch_size": 16,
        "weight_decay": 0.000633425234537729
    },
    "transformer": {
        "d_model": 37,
        "num_layers": 2,
        "dropout": 0.4503270704033302,
        "learning_rate": 0.001132919402264649,
        "batch_size": 64,
        "nhead": 4,
        "weight_decay": 0.00012364501752139604
    }
}