{
    "svm": {
        "tol": 0.01,
        "probability": true,
        "kernel": "rbf",
        "gamma": 0.1,
        "class_weight": "balanced",
        "C": 100.0
    },
    "logistic_regression": {
        "tol": 0.01,
        "solver": "lbfgs",
        "random_state": 42,
        "max_iter": 1000,
        "class_weight": "balanced",
        "C": 10.0
    },
    "lstm": {
        "hidden_size": 68,
        "num_layers": 2,
        "dropout": 0.40695335050573694,
        "learning_rate": 0.00050363721618631,
        "batch_size": 64,
        "weight_decay": 0.005276225404316537
    },
    "transformer": {
        "d_model": 64,
        "num_layers": 2,
        "dropout": 0.3921392394203307,
        "learning_rate": 0.0005662569848977581,
        "batch_size": 16,
        "nhead": 2,
        "weight_decay": 0.0017394721858419756
    }
}