{
    "svm": {
        "tol": 1.0,
        "probability": true,
        "kernel": "rbf",
        "gamma": 0.01,
        "class_weight": "balanced",
        "C": 100.0
    },
    "logistic_regression": {
        "tol": 0.01,
        "solver": "newton-cg",
        "random_state": 42,
        "max_iter": 3000,
        "class_weight": "balanced",
        "C": 0.1
    },
    "lstm": {
        "hidden_size": 36,
        "num_layers": 1,
        "dropout": 0.22906199623710521,
        "learning_rate": 0.001075952130727922,
        "batch_size": 32,
        "weight_decay": 0.000427365774582767
    },
    "transformer": {
        "d_model": 38,
        "num_layers": 2,
        "dropout": 0.27286225491260757,
        "learning_rate": 0.0017563125029132014,
        "batch_size": 64,
        "nhead": 4,
        "weight_decay": 0.0005049154589321873
    }
}