{
    "svm": {
        "tol": 0.01,
        "probability": true,
        "kernel": "rbf",
        "gamma": 0.1,
        "class_weight": "balanced",
        "C": 100.0
    },
    "logistic_regression": {
        "tol": 0.01,
        "solver": "newton-cg",
        "random_state": 42,
        "max_iter": 1000,
        "class_weight": "balanced",
        "C": 100.0
    },
    "lstm": {
        "hidden_size": 38,
        "num_layers": 1,
        "dropout": 0.33895024531154805,
        "learning_rate": 0.000779568181253671,
        "batch_size": 64,
        "weight_decay": 0.004393926818004611
    },
    "transformer": {
        "d_model": 74,
        "num_layers": 2,
        "dropout": 0.38984365360903567,
        "learning_rate": 0.0009578229067258977,
        "batch_size": 32,
        "nhead": 4,
        "weight_decay": 0.0006378906229637465
    }
}