{
    "svm": {
        "tol": 0.01,
        "probability": true,
        "kernel": "rbf",
        "gamma": 0.1,
        "class_weight": "balanced",
        "C": 100.0
    },
    "logistic_regression": {
        "tol": 0.01,
        "solver": "newton-cg",
        "random_state": 42,
        "max_iter": 3000,
        "class_weight": "balanced",
        "C": 10.0
    },
    "lstm": {
        "hidden_size": 41,
        "num_layers": 1,
        "dropout": 0.4559672730263911,
        "learning_rate": 0.0005694738309061083,
        "batch_size": 64,
        "weight_decay": 0.009996384552598495
    },
    "transformer": {
        "d_model": 39,
        "num_layers": 2,
        "dropout": 0.3352821116126357,
        "learning_rate": 0.0011398514865598674,
        "batch_size": 32,
        "nhead": 2,
        "weight_decay": 0.002351156145451315
    }
}