{
    "svm": {
        "tol": 0.01,
        "probability": true,
        "kernel": "rbf",
        "gamma": 0.1,
        "class_weight": "balanced",
        "C": 100.0
    },
    "logistic_regression": {
        "tol": 0.01,
        "solver": "sag",
        "random_state": 42,
        "max_iter": 3000,
        "class_weight": "balanced",
        "C": 100.0
    },
    "lstm": {
        "hidden_size": 34,
        "num_layers": 2,
        "dropout": 0.32611999745718356,
        "learning_rate": 0.0007846639111211434,
        "batch_size": 64,
        "weight_decay": 0.00010997130414923464
    },
    "transformer": {
        "d_model": 44,
        "num_layers": 2,
        "dropout": 0.49037141130520534,
        "learning_rate": 0.001129921686780206,
        "batch_size": 16,
        "nhead": 2,
        "weight_decay": 0.0049514369022810025
    }
}