{
    "svm": {
        "tol": 0.01,
        "probability": true,
        "kernel": "rbf",
        "gamma": 0.1,
        "class_weight": "balanced",
        "C": 100.0
    },
    "logistic_regression": {
        "tol": 1.0,
        "solver": "saga",
        "random_state": 42,
        "max_iter": 3000,
        "class_weight": "balanced",
        "C": 0.0001
    },
    "lstm": {
        "hidden_size": 40,
        "num_layers": 1,
        "dropout": 0.328342408476039,
        "learning_rate": 0.0007305650236717243,
        "batch_size": 64,
        "weight_decay": 0.0007800098295207669
    },
    "transformer": {
        "d_model": 90,
        "num_layers": 1,
        "dropout": 0.20850668607204711,
        "learning_rate": 0.0010373208698886565,
        "batch_size": 16,
        "nhead": 4,
        "weight_decay": 0.00021102493183435873
    }
}