{
    "svm": {
        "tol": 1.0,
        "probability": true,
        "kernel": "linear",
        "gamma": 1.0,
        "class_weight": "balanced",
        "C": 100.0
    },
    "logistic_regression": {
        "tol": 0.01,
        "solver": "lbfgs",
        "random_state": 42,
        "max_iter": 1000,
        "class_weight": "balanced",
        "C": 10.0
    },
    "lstm": {
        "hidden_size": 33,
        "num_layers": 1,
        "dropout": 0.3045727050915457,
        "learning_rate": 0.0005180383018742058,
        "batch_size": 16,
        "weight_decay": 0.0004562336541093975
    },
    "transformer": {
        "d_model": 88,
        "num_layers": 1,
        "dropout": 0.4327788530535525,
        "learning_rate": 0.0008873923599283214,
        "batch_size": 16,
        "nhead": 4,
        "weight_decay": 0.0002509978053849801
    }
}