{
    "svm": {
        "tol": 0.01,
        "probability": true,
        "kernel": "rbf",
        "gamma": 0.1,
        "class_weight": "balanced",
        "C": 100.0
    },
    "logistic_regression": {
        "tol": 0.01,
        "solver": "newton-cg",
        "random_state": 42,
        "max_iter": 2000,
        "class_weight": "balanced",
        "C": 1.0
    },
    "lstm": {
        "hidden_size": 35,
        "num_layers": 1,
        "dropout": 0.4084983046125649,
        "learning_rate": 0.0005038254777453739,
        "batch_size": 64,
        "weight_decay": 0.0004389642983538939
    },
    "transformer": {
        "d_model": 48,
        "num_layers": 2,
        "dropout": 0.42398548197706726,
        "learning_rate": 0.0019216559863427473,
        "batch_size": 16,
        "nhead": 2,
        "weight_decay": 0.003277645804419986
    }
}