{
    "svm": {
        "tol": 0.1,
        "probability": true,
        "kernel": "linear",
        "gamma": 0.001,
        "class_weight": "balanced",
        "C": 100.0
    },
    "logistic_regression": {
        "tol": 0.01,
        "solver": "lbfgs",
        "random_state": 42,
        "max_iter": 1000,
        "class_weight": "balanced",
        "C": 10.0
    },
    "lstm": {
        "hidden_size": 58,
        "num_layers": 1,
        "dropout": 0.24796063783143563,
        "learning_rate": 0.0010508576789631894,
        "batch_size": 64,
        "weight_decay": 0.005095799080641709
    },
    "transformer": {
        "d_model": 43,
        "num_layers": 2,
        "dropout": 0.3769884118622466,
        "learning_rate": 0.0007433107313464968,
        "batch_size": 16,
        "nhead": 4,
        "weight_decay": 0.007068935497451949
    }
}