{
    "svm": {
        "tol": 0.01,
        "probability": true,
        "kernel": "rbf",
        "gamma": 0.1,
        "class_weight": "balanced",
        "C": 100.0
    },
    "logistic_regression": {
        "tol": 0.01,
        "solver": "lbfgs",
        "random_state": 42,
        "max_iter": 1000,
        "class_weight": "balanced",
        "C": 100.0
    },
    "lstm": {
        "hidden_size": 49,
        "num_layers": 1,
        "dropout": 0.35961707621527456,
        "learning_rate": 0.0005029582532322018,
        "batch_size": 64,
        "weight_decay": 0.00028256919001417213
    },
    "transformer": {
        "d_model": 47,
        "num_layers": 1,
        "dropout": 0.21143521176919514,
        "learning_rate": 0.000547855604834898,
        "batch_size": 32,
        "nhead": 4,
        "weight_decay": 0.00043147585966427755
    }
}