{
    "svm": {
        "tol": 100.0,
        "probability": true,
        "kernel": "linear",
        "gamma": 0.1,
        "class_weight": "balanced",
        "C": 0.01
    },
    "logistic_regression": {
        "tol": 0.01,
        "solver": "newton-cg",
        "random_state": 42,
        "max_iter": 1000,
        "class_weight": "balanced",
        "C": 100.0
    },
    "lstm": {
        "hidden_size": 35,
        "num_layers": 2,
        "dropout": 0.4892667632798643,
        "learning_rate": 0.0005089447595989623,
        "batch_size": 16,
        "weight_decay": 0.0002322062941500311
    },
    "transformer": {
        "d_model": 39,
        "num_layers": 2,
        "dropout": 0.25621497240260804,
        "learning_rate": 0.0017720948654923999,
        "batch_size": 16,
        "nhead": 4,
        "weight_decay": 0.00040203359312646113
    }
}