{
    "svm": {
        "tol": 0.1,
        "probability": true,
        "kernel": "linear",
        "gamma": 0.1,
        "class_weight": "balanced",
        "C": 10.0
    },
    "logistic_regression": {
        "tol": 0.01,
        "solver": "newton-cg",
        "random_state": 42,
        "max_iter": 2000,
        "class_weight": "balanced",
        "C": 1.0
    },
    "lstm": {
        "hidden_size": 33,
        "num_layers": 1,
        "dropout": 0.3219824852216257,
        "learning_rate": 0.0006705658350422311,
        "batch_size": 16,
        "weight_decay": 0.0007671714824732972
    },
    "transformer": {
        "d_model": 43,
        "num_layers": 2,
        "dropout": 0.3376011688201394,
        "learning_rate": 0.0019177884402801588,
        "batch_size": 16,
        "nhead": 4,
        "weight_decay": 0.0021003722646006657
    }
}