{
    "svm": {
        "tol": 0.01,
        "probability": true,
        "kernel": "rbf",
        "gamma": 0.1,
        "class_weight": "balanced",
        "C": 100.0
    },
    "logistic_regression": {
        "tol": 0.01,
        "solver": "newton-cg",
        "random_state": 42,
        "max_iter": 3000,
        "class_weight": "balanced",
        "C": 10.0
    },
    "lstm": {
        "hidden_size": 33,
        "num_layers": 1,
        "dropout": 0.23618903524833187,
        "learning_rate": 0.0006992512911905309,
        "batch_size": 64,
        "weight_decay": 0.00015462256153555534
    },
    "transformer": {
        "d_model": 95,
        "num_layers": 2,
        "dropout": 0.46732183031530494,
        "learning_rate": 0.0017390702089613128,
        "batch_size": 16,
        "nhead": 2,
        "weight_decay": 0.00010247376231230067
    }
}