{
    "svm": {
        "tol": 0.01,
        "probability": true,
        "kernel": "rbf",
        "gamma": 0.1,
        "class_weight": "balanced",
        "C": 100.0
    },
    "logistic_regression": {
        "tol": 0.01,
        "solver": "newton-cg",
        "random_state": 42,
        "max_iter": 1000,
        "class_weight": "balanced",
        "C": 100.0
    },
    "lstm": {
        "hidden_size": 69,
        "num_layers": 1,
        "dropout": 0.3133313048977842,
        "learning_rate": 0.001484578303410601,
        "batch_size": 16,
        "weight_decay": 0.0009207924309797366
    },
    "transformer": {
        "d_model": 85,
        "num_layers": 2,
        "dropout": 0.28467610226934,
        "learning_rate": 0.0005065000080770888,
        "batch_size": 64,
        "nhead": 4,
        "weight_decay": 0.0002525978763270129
    }
}