{
    "svm": {
        "tol": 1.0,
        "probability": true,
        "kernel": "linear",
        "gamma": 1.0,
        "class_weight": "balanced",
        "C": 0.0001
    },
    "logistic_regression": {
        "tol": 1.0,
        "solver": "saga",
        "random_state": 42,
        "max_iter": 3000,
        "class_weight": "balanced",
        "C": 0.0001
    },
    "lstm": {
        "hidden_size": 77,
        "num_layers": 2,
        "dropout": 0.23153438454719036,
        "learning_rate": 0.0016045997245434861,
        "batch_size": 32,
        "weight_decay": 0.0011601688278686227
    },
    "transformer": {
        "d_model": 70,
        "num_layers": 2,
        "dropout": 0.2219200753275606,
        "learning_rate": 0.0008203607365092768,
        "batch_size": 64,
        "nhead": 4,
        "weight_decay": 0.004988928250900998
    }
}