{
    "svm": {
        "tol": 0.1,
        "probability": true,
        "kernel": "rbf",
        "gamma": 0.1,
        "class_weight": "balanced",
        "C": 10.0
    },
    "logistic_regression": {
        "tol": 0.01,
        "solver": "lbfgs",
        "random_state": 42,
        "max_iter": 1000,
        "class_weight": "balanced",
        "C": 100.0
    },
    "lstm": {
        "hidden_size": 38,
        "num_layers": 1,
        "dropout": 0.3010828632379173,
        "learning_rate": 0.0006574651706740143,
        "batch_size": 32,
        "weight_decay": 0.0018757020425088126
    },
    "transformer": {
        "d_model": 59,
        "num_layers": 1,
        "dropout": 0.43627273298138525,
        "learning_rate": 0.0006515864989287012,
        "batch_size": 16,
        "nhead": 2,
        "weight_decay": 0.00817577440474979
    }
}