{
    "svm": {
        "tol": 0.01,
        "probability": true,
        "kernel": "rbf",
        "gamma": 0.1,
        "class_weight": "balanced",
        "C": 100.0
    },
    "logistic_regression": {
        "tol": 0.01,
        "solver": "newton-cg",
        "random_state": 42,
        "max_iter": 3000,
        "class_weight": "balanced",
        "C": 10.0
    },
    "lstm": {
        "hidden_size": 91,
        "num_layers": 1,
        "dropout": 0.24039837347509763,
        "learning_rate": 0.0019939248124512163,
        "batch_size": 32,
        "weight_decay": 0.00012920338363135728
    },
    "transformer": {
        "d_model": 45,
        "num_layers": 1,
        "dropout": 0.3555552781563871,
        "learning_rate": 0.00065425407435934,
        "batch_size": 32,
        "nhead": 4,
        "weight_decay": 0.0016455341442198302
    }
}