{
    "svm": {
        "tol": 0.1,
        "probability": true,
        "kernel": "linear",
        "gamma": 0.1,
        "class_weight": "balanced",
        "C": 10.0
    },
    "logistic_regression": {
        "tol": 0.01,
        "solver": "newton-cg",
        "random_state": 42,
        "max_iter": 3000,
        "class_weight": "balanced",
        "C": 10.0
    },
    "lstm": {
        "hidden_size": 96,
        "num_layers": 2,
        "dropout": 0.41400377169975516,
        "learning_rate": 0.0019934170201027987,
        "batch_size": 16,
        "weight_decay": 0.00010448012697970064
    },
    "transformer": {
        "d_model": 56,
        "num_layers": 2,
        "dropout": 0.49876988964591545,
        "learning_rate": 0.001248694495142044,
        "batch_size": 16,
        "nhead": 4,
        "weight_decay": 0.0013596574851425414
    }
}