{
    "svm": {
        "tol": 0.01,
        "probability": true,
        "kernel": "rbf",
        "gamma": 0.1,
        "class_weight": "balanced",
        "C": 100.0
    },
    "logistic_regression": {
        "tol": 0.01,
        "solver": "newton-cg",
        "random_state": 42,
        "max_iter": 1000,
        "class_weight": "balanced",
        "C": 100.0
    },
    "lstm": {
        "hidden_size": 35,
        "num_layers": 2,
        "dropout": 0.3304898316990562,
        "learning_rate": 0.0007165988352377087,
        "batch_size": 64,
        "weight_decay": 0.0017960003810606302
    },
    "transformer": {
        "d_model": 39,
        "num_layers": 1,
        "dropout": 0.4433229904974478,
        "learning_rate": 0.0005657181769366075,
        "batch_size": 64,
        "nhead": 4,
        "weight_decay": 0.0007863198878716544
    }
}