{
    "svm": {
        "tol": 0.1,
        "probability": true,
        "kernel": "linear",
        "gamma": 0.1,
        "class_weight": "balanced",
        "C": 10.0
    },
    "logistic_regression": {
        "tol": 0.01,
        "solver": "newton-cg",
        "random_state": 42,
        "max_iter": 1000,
        "class_weight": "balanced",
        "C": 100.0
    },
    "lstm": {
        "hidden_size": 38,
        "num_layers": 2,
        "dropout": 0.29276729831143466,
        "learning_rate": 0.0009314559802497849,
        "batch_size": 64,
        "weight_decay": 0.0001401143746282825
    },
    "transformer": {
        "d_model": 33,
        "num_layers": 1,
        "dropout": 0.4177902711861823,
        "learning_rate": 0.001290769500395655,
        "batch_size": 64,
        "nhead": 2,
        "weight_decay": 0.008210168840015708
    }
}