{
    "svm": {
        "tol": 0.01,
        "probability": true,
        "kernel": "rbf",
        "gamma": 0.1,
        "class_weight": "balanced",
        "C": 100.0
    },
    "logistic_regression": {
        "tol": 0.01,
        "solver": "newton-cg",
        "random_state": 42,
        "max_iter": 3000,
        "class_weight": "balanced",
        "C": 10.0
    },
    "lstm": {
        "hidden_size": 94,
        "num_layers": 2,
        "dropout": 0.3852757804105019,
        "learning_rate": 0.0016823652286985908,
        "batch_size": 16,
        "weight_decay": 0.005486079533830812
    },
    "transformer": {
        "d_model": 52,
        "num_layers": 2,
        "dropout": 0.20133938930215178,
        "learning_rate": 0.0017732822089768455,
        "batch_size": 16,
        "nhead": 2,
        "weight_decay": 0.0010580885473833888
    }
}