{
    "svm": {
        "tol": 1.0,
        "probability": true,
        "kernel": "linear",
        "gamma": 0.001,
        "class_weight": "balanced",
        "C": 0.1
    },
    "logistic_regression": {
        "tol": 1.0,
        "solver": "saga",
        "random_state": 42,
        "max_iter": 2000,
        "class_weight": "balanced",
        "C": 100.0
    },
    "lstm": {
        "hidden_size": 58,
        "num_layers": 1,
        "dropout": 0.41680447736628784,
        "learning_rate": 0.0005046165846015705,
        "batch_size": 64,
        "weight_decay": 0.0011910351871910888
    },
    "transformer": {
        "d_model": 78,
        "num_layers": 2,
        "dropout": 0.49839547431873704,
        "learning_rate": 0.0005012498819522192,
        "batch_size": 64,
        "nhead": 2,
        "weight_decay": 0.00566054539033265
    }
}