{
    "svm": {
        "tol": 0.01,
        "probability": true,
        "kernel": "rbf",
        "gamma": 0.1,
        "class_weight": "balanced",
        "C": 100.0
    },
    "logistic_regression": {
        "tol": 0.01,
        "solver": "lbfgs",
        "random_state": 42,
        "max_iter": 2000,
        "class_weight": "balanced",
        "C": 1.0
    },
    "lstm": {
        "hidden_size": 36,
        "num_layers": 2,
        "dropout": 0.23581980950703868,
        "learning_rate": 0.0005729913172485961,
        "batch_size": 16,
        "weight_decay": 0.0023356036120088628
    },
    "transformer": {
        "d_model": 95,
        "num_layers": 2,
        "dropout": 0.3707728212713013,
        "learning_rate": 0.0017136108878846735,
        "batch_size": 16,
        "nhead": 4,
        "weight_decay": 0.00010615041935654181
    }
}