{
    "svm": {
        "tol": 0.01,
        "probability": true,
        "kernel": "rbf",
        "gamma": 0.1,
        "class_weight": "balanced",
        "C": 100.0
    },
    "logistic_regression": {
        "tol": 0.01,
        "solver": "newton-cg",
        "random_state": 42,
        "max_iter": 3000,
        "class_weight": "balanced",
        "C": 10.0
    },
    "lstm": {
        "hidden_size": 53,
        "num_layers": 2,
        "dropout": 0.3452101561983445,
        "learning_rate": 0.0006870121889629798,
        "batch_size": 32,
        "weight_decay": 0.0012762599468117638
    },
    "transformer": {
        "d_model": 43,
        "num_layers": 2,
        "dropout": 0.4730631467164925,
        "learning_rate": 0.001007882115145362,
        "batch_size": 16,
        "nhead": 4,
        "weight_decay": 0.006425896610768053
    }
}