{
    "svm": {
        "tol": 0.01,
        "probability": true,
        "kernel": "rbf",
        "gamma": 0.1,
        "class_weight": "balanced",
        "C": 1.0
    },
    "logistic_regression": {
        "tol": 0.01,
        "solver": "newton-cg",
        "random_state": 42,
        "max_iter": 3000,
        "class_weight": "balanced",
        "C": 10.0
    },
    "lstm": {
        "hidden_size": 93,
        "num_layers": 2,
        "dropout": 0.28307697471069426,
        "learning_rate": 0.0006346434287886815,
        "batch_size": 64,
        "weight_decay": 0.00013276358877124602
    },
    "transformer": {
        "d_model": 32,
        "num_layers": 2,
        "dropout": 0.20528987614412322,
        "learning_rate": 0.0013493931116741052,
        "batch_size": 64,
        "nhead": 2,
        "weight_decay": 0.0007608788740445229
    }
}