{
    "svm": {
        "tol": 1.0,
        "probability": true,
        "kernel": "linear",
        "gamma": 1.0,
        "class_weight": "balanced",
        "C": 100.0
    },
    "logistic_regression": {
        "tol": 0.01,
        "solver": "lbfgs",
        "random_state": 42,
        "max_iter": 1000,
        "class_weight": "balanced",
        "C": 100.0
    },
    "lstm": {
        "hidden_size": 40,
        "num_layers": 2,
        "dropout": 0.22400036950297278,
        "learning_rate": 0.0007632300154096638,
        "batch_size": 64,
        "weight_decay": 0.0034866545998748144
    },
    "transformer": {
        "d_model": 56,
        "num_layers": 2,
        "dropout": 0.4288290854183165,
        "learning_rate": 0.0005157591165513573,
        "batch_size": 64,
        "nhead": 4,
        "weight_decay": 0.0012028014033029616
    }
}