{
    "svm": {
        "tol": 0.01,
        "probability": true,
        "kernel": "rbf",
        "gamma": 0.1,
        "class_weight": "balanced",
        "C": 100.0
    },
    "logistic_regression": {
        "tol": 0.01,
        "solver": "newton-cg",
        "random_state": 42,
        "max_iter": 3000,
        "class_weight": "balanced",
        "C": 10.0
    },
    "lstm": {
        "hidden_size": 33,
        "num_layers": 2,
        "dropout": 0.44116658724423385,
        "learning_rate": 0.0009970009415799406,
        "batch_size": 16,
        "weight_decay": 0.0012829311682249962
    },
    "transformer": {
        "d_model": 62,
        "num_layers": 2,
        "dropout": 0.44750826984447634,
        "learning_rate": 0.0018906425562169914,
        "batch_size": 16,
        "nhead": 2,
        "weight_decay": 0.0004680235561273879
    }
}