{
    "svm": {
        "tol": 1.0,
        "probability": true,
        "kernel": "rbf",
        "gamma": 0.01,
        "class_weight": "balanced",
        "C": 100.0
    },
    "logistic_regression": {
        "tol": 1.0,
        "solver": "sag",
        "random_state": 42,
        "max_iter": 3000,
        "class_weight": "balanced",
        "C": 0.0001
    },
    "lstm": {
        "hidden_size": 54,
        "num_layers": 1,
        "dropout": 0.4323227326004206,
        "learning_rate": 0.0019953914802545237,
        "batch_size": 32,
        "weight_decay": 0.0005683026245846882
    },
    "transformer": {
        "d_model": 33,
        "num_layers": 2,
        "dropout": 0.4522288737165297,
        "learning_rate": 0.0005310223320435577,
        "batch_size": 32,
        "nhead": 4,
        "weight_decay": 0.0012188270374667166
    }
}