{
    "svm": {
        "tol": 0.01,
        "probability": true,
        "kernel": "rbf",
        "gamma": 0.1,
        "class_weight": "balanced",
        "C": 100.0
    },
    "logistic_regression": {
        "tol": 0.01,
        "solver": "lbfgs",
        "random_state": 42,
        "max_iter": 1000,
        "class_weight": "balanced",
        "C": 100.0
    },
    "lstm": {
        "hidden_size": 73,
        "num_layers": 2,
        "dropout": 0.28431121896686556,
        "learning_rate": 0.0019515557186753636,
        "batch_size": 32,
        "weight_decay": 0.0017331596336602328
    },
    "transformer": {
        "d_model": 32,
        "num_layers": 1,
        "dropout": 0.30623473683302244,
        "learning_rate": 0.0009283506262611836,
        "batch_size": 32,
        "nhead": 2,
        "weight_decay": 0.000628205253500825
    }
}