{
    "svm": {
        "tol": 0.01,
        "probability": true,
        "kernel": "rbf",
        "gamma": 0.1,
        "class_weight": "balanced",
        "C": 100.0
    },
    "logistic_regression": {
        "tol": 0.01,
        "solver": "lbfgs",
        "random_state": 42,
        "max_iter": 1000,
        "class_weight": "balanced",
        "C": 100.0
    },
    "lstm": {
        "hidden_size": 36,
        "num_layers": 1,
        "dropout": 0.299473787010873,
        "learning_rate": 0.0005442715607020823,
        "batch_size": 64,
        "weight_decay": 0.0010789871989343898
    },
    "transformer": {
        "d_model": 44,
        "num_layers": 1,
        "dropout": 0.3745664131676751,
        "learning_rate": 0.0007167997202612976,
        "batch_size": 16,
        "nhead": 4,
        "weight_decay": 0.00019530153683637718
    }
}