{
    "svm": {
        "tol": 0.01,
        "probability": true,
        "kernel": "rbf",
        "gamma": 0.1,
        "class_weight": "balanced",
        "C": 100.0
    },
    "logistic_regression": {
        "tol": 1.0,
        "solver": "sag",
        "random_state": 42,
        "max_iter": 3000,
        "class_weight": "balanced",
        "C": 0.1
    },
    "lstm": {
        "hidden_size": 80,
        "num_layers": 1,
        "dropout": 0.4143615825477516,
        "learning_rate": 0.0011995958828142448,
        "batch_size": 32,
        "weight_decay": 0.0004387963984671552
    },
    "transformer": {
        "d_model": 71,
        "num_layers": 2,
        "dropout": 0.24695376972441466,
        "learning_rate": 0.0011639832443763314,
        "batch_size": 32,
        "nhead": 2,
        "weight_decay": 0.00011676781087984741
    }
}