{
    "svm": {
        "tol": 0.01,
        "probability": true,
        "kernel": "rbf",
        "gamma": 0.1,
        "class_weight": "balanced",
        "C": 100.0
    },
    "logistic_regression": {
        "tol": 0.01,
        "solver": "sag",
        "random_state": 42,
        "max_iter": 3000,
        "class_weight": "balanced",
        "C": 100.0
    },
    "lstm": {
        "hidden_size": 39,
        "num_layers": 1,
        "dropout": 0.37220579731567566,
        "learning_rate": 0.0005922408187890177,
        "batch_size": 64,
        "weight_decay": 0.0010721666089386237
    },
    "transformer": {
        "d_model": 96,
        "num_layers": 2,
        "dropout": 0.30856115652678284,
        "learning_rate": 0.0010702153978927262,
        "batch_size": 16,
        "nhead": 2,
        "weight_decay": 0.0056132748649790724
    }
}