{
    "svm": {
        "tol": 0.01,
        "probability": true,
        "kernel": "rbf",
        "gamma": 0.1,
        "class_weight": "balanced",
        "C": 1.0
    },
    "logistic_regression": {
        "tol": 0.01,
        "solver": "lbfgs",
        "random_state": 42,
        "max_iter": 1000,
        "class_weight": "balanced",
        "C": 10.0
    },
    "lstm": {
        "hidden_size": 39,
        "num_layers": 2,
        "dropout": 0.37549550182778385,
        "learning_rate": 0.0005932924386554098,
        "batch_size": 64,
        "weight_decay": 0.0022871123890422476
    },
    "transformer": {
        "d_model": 35,
        "num_layers": 2,
        "dropout": 0.4795360552403988,
        "learning_rate": 0.0006774915258191524,
        "batch_size": 64,
        "nhead": 4,
        "weight_decay": 0.0001396223058560248
    }
}