{
    "svm": {
        "tol": 0.01,
        "probability": true,
        "kernel": "rbf",
        "gamma": 0.1,
        "class_weight": "balanced",
        "C": 100.0
    },
    "logistic_regression": {
        "tol": 0.01,
        "solver": "newton-cg",
        "random_state": 42,
        "max_iter": 3000,
        "class_weight": "balanced",
        "C": 10.0
    },
    "lstm": {
        "hidden_size": 58,
        "num_layers": 1,
        "dropout": 0.47076843464127044,
        "learning_rate": 0.0011293965605037115,
        "batch_size": 16,
        "weight_decay": 0.0006504579318810385
    },
    "transformer": {
        "d_model": 42,
        "num_layers": 1,
        "dropout": 0.38686174836742493,
        "learning_rate": 0.0005462079374671568,
        "batch_size": 32,
        "nhead": 4,
        "weight_decay": 0.0006198194169406978
    }
}