{
    "svm": {
        "tol": 0.01,
        "probability": true,
        "kernel": "rbf",
        "gamma": 0.1,
        "class_weight": "balanced",
        "C": 100.0
    },
    "logistic_regression": {
        "tol": 0.01,
        "solver": "newton-cg",
        "random_state": 42,
        "max_iter": 1000,
        "class_weight": "balanced",
        "C": 100.0
    },
    "lstm": {
        "hidden_size": 48,
        "num_layers": 2,
        "dropout": 0.39045627706123026,
        "learning_rate": 0.0006993401638020617,
        "batch_size": 32,
        "weight_decay": 0.0001598702913114162
    },
    "transformer": {
        "d_model": 38,
        "num_layers": 2,
        "dropout": 0.3683084609094931,
        "learning_rate": 0.0009086692246714938,
        "batch_size": 32,
        "nhead": 4,
        "weight_decay": 0.009836274676065678
    }
}