{
    "svm": {
        "tol": 100.0,
        "probability": true,
        "kernel": "linear",
        "gamma": 0.1,
        "class_weight": "balanced",
        "C": 0.01
    },
    "logistic_regression": {
        "tol": 1.0,
        "solver": "saga",
        "random_state": 42,
        "max_iter": 3000,
        "class_weight": "balanced",
        "C": 0.0001
    },
    "lstm": {
        "hidden_size": 87,
        "num_layers": 2,
        "dropout": 0.3127907292864964,
        "learning_rate": 0.001999628667046896,
        "batch_size": 16,
        "weight_decay": 0.0010951389521497812
    },
    "transformer": {
        "d_model": 62,
        "num_layers": 2,
        "dropout": 0.4931843816345434,
        "learning_rate": 0.0009734225518389081,
        "batch_size": 32,
        "nhead": 2,
        "weight_decay": 0.0014187498944381943
    }
}