{
    "svm": {
        "tol": 0.01,
        "probability": true,
        "kernel": "rbf",
        "gamma": 0.1,
        "class_weight": "balanced",
        "C": 100.0
    },
    "logistic_regression": {
        "tol": 0.01,
        "solver": "lbfgs",
        "random_state": 42,
        "max_iter": 1000,
        "class_weight": "balanced",
        "C": 10.0
    },
    "lstm": {
        "hidden_size": 34,
        "num_layers": 1,
        "dropout": 0.23671337164008271,
        "learning_rate": 0.0013199035561652149,
        "batch_size": 16,
        "weight_decay": 0.0009211316666438713
    },
    "transformer": {
        "d_model": 78,
        "num_layers": 2,
        "dropout": 0.33472708087157654,
        "learning_rate": 0.0014114758755448672,
        "batch_size": 16,
        "nhead": 2,
        "weight_decay": 0.0001398536516631511
    }
}