{
    "svm": {
        "tol": 0.01,
        "probability": true,
        "kernel": "rbf",
        "gamma": 0.1,
        "class_weight": "balanced",
        "C": 100.0
    },
    "logistic_regression": {
        "tol": 0.01,
        "solver": "sag",
        "random_state": 42,
        "max_iter": 1000,
        "class_weight": "balanced",
        "C": 10.0
    },
    "lstm": {
        "hidden_size": 85,
        "num_layers": 1,
        "dropout": 0.29409234833846404,
        "learning_rate": 0.0015384708236550262,
        "batch_size": 16,
        "weight_decay": 0.000380570916664921
    },
    "transformer": {
        "d_model": 59,
        "num_layers": 2,
        "dropout": 0.3375366248015302,
        "learning_rate": 0.001845093217562633,
        "batch_size": 16,
        "nhead": 2,
        "weight_decay": 0.0007347401361169185
    }
}