{
    "svm": {
        "tol": 1.0,
        "probability": true,
        "kernel": "rbf",
        "gamma": 1e-05,
        "class_weight": "balanced",
        "C": 10.0
    },
    "logistic_regression": {
        "tol": 0.01,
        "solver": "lbfgs",
        "random_state": 42,
        "max_iter": 2000,
        "class_weight": "balanced",
        "C": 0.0001
    },
    "lstm": {
        "hidden_size": 33,
        "num_layers": 1,
        "dropout": 0.3205611694147035,
        "learning_rate": 0.0005056772281309315,
        "batch_size": 64,
        "weight_decay": 0.00013163445434385686
    },
    "transformer": {
        "d_model": 38,
        "num_layers": 2,
        "dropout": 0.39394659012876765,
        "learning_rate": 0.0007428872833708109,
        "batch_size": 32,
        "nhead": 4,
        "weight_decay": 0.005104861729773608
    }
}