{
    "svm": {
        "tol": 0.1,
        "probability": true,
        "kernel": "linear",
        "gamma": 1.0,
        "class_weight": "balanced",
        "C": 1.0
    },
    "logistic_regression": {
        "tol": 1.0,
        "solver": "sag",
        "random_state": 42,
        "max_iter": 3000,
        "class_weight": "balanced",
        "C": 0.1
    },
    "lstm": {
        "hidden_size": 41,
        "num_layers": 1,
        "dropout": 0.4752496305195439,
        "learning_rate": 0.0011982709315340795,
        "batch_size": 32,
        "weight_decay": 0.0065572864695833824
    },
    "transformer": {
        "d_model": 39,
        "num_layers": 1,
        "dropout": 0.4299038218491068,
        "learning_rate": 0.001180074999287207,
        "batch_size": 16,
        "nhead": 2,
        "weight_decay": 0.0008798456213354246
    }
}