{
    "svm": {
        "tol": 0.1,
        "probability": true,
        "kernel": "linear",
        "gamma": 0.1,
        "class_weight": "balanced",
        "C": 10.0
    },
    "logistic_regression": {
        "tol": 0.01,
        "solver": "lbfgs",
        "random_state": 42,
        "max_iter": 1000,
        "class_weight": "balanced",
        "C": 10.0
    },
    "lstm": {
        "hidden_size": 33,
        "num_layers": 1,
        "dropout": 0.43922090860852897,
        "learning_rate": 0.0005747431093711537,
        "batch_size": 64,
        "weight_decay": 0.007123533721552083
    },
    "transformer": {
        "d_model": 87,
        "num_layers": 2,
        "dropout": 0.31934739840635523,
        "learning_rate": 0.001546418111699439,
        "batch_size": 32,
        "nhead": 4,
        "weight_decay": 0.00011339094276272837
    }
}