{
    "svm": {
        "tol": 0.1,
        "probability": true,
        "kernel": "linear",
        "gamma": 0.1,
        "class_weight": "balanced",
        "C": 10.0
    },
    "logistic_regression": {
        "tol": 0.01,
        "solver": "sag",
        "random_state": 42,
        "max_iter": 3000,
        "class_weight": "balanced",
        "C": 100.0
    },
    "lstm": {
        "hidden_size": 32,
        "num_layers": 1,
        "dropout": 0.41788091148212964,
        "learning_rate": 0.0005007577345843505,
        "batch_size": 32,
        "weight_decay": 0.008947609815219937
    },
    "transformer": {
        "d_model": 96,
        "num_layers": 2,
        "dropout": 0.28925765004973364,
        "learning_rate": 0.0006707377918668104,
        "batch_size": 16,
        "nhead": 2,
        "weight_decay": 0.0004014461656889032
    }
}