{
    "svm": {
        "tol": 0.01,
        "probability": true,
        "kernel": "rbf",
        "gamma": 0.1,
        "class_weight": "balanced",
        "C": 100.0
    },
    "logistic_regression": {
        "tol": 0.01,
        "solver": "newton-cg",
        "random_state": 42,
        "max_iter": 1000,
        "class_weight": "balanced",
        "C": 100.0
    },
    "lstm": {
        "hidden_size": 92,
        "num_layers": 1,
        "dropout": 0.4738958144346894,
        "learning_rate": 0.0005493999668738578,
        "batch_size": 64,
        "weight_decay": 0.005847445883411079
    },
    "transformer": {
        "d_model": 92,
        "num_layers": 1,
        "dropout": 0.36177787230779257,
        "learning_rate": 0.0010881085140130933,
        "batch_size": 32,
        "nhead": 4,
        "weight_decay": 0.004276491036792454
    }
}