{
    "svm": {
        "tol": 1.0,
        "probability": true,
        "kernel": "rbf",
        "gamma": 0.01,
        "class_weight": "balanced",
        "C": 100.0
    },
    "logistic_regression": {
        "tol": 0.01,
        "solver": "newton-cg",
        "random_state": 42,
        "max_iter": 3000,
        "class_weight": "balanced",
        "C": 10.0
    },
    "lstm": {
        "hidden_size": 39,
        "num_layers": 1,
        "dropout": 0.2576697200159889,
        "learning_rate": 0.0005004550499111863,
        "batch_size": 32,
        "weight_decay": 0.0004245121201549798
    },
    "transformer": {
        "d_model": 54,
        "num_layers": 1,
        "dropout": 0.30279961880035366,
        "learning_rate": 0.0013260748426743075,
        "batch_size": 64,
        "nhead": 2,
        "weight_decay": 0.003434527581422571
    }
}