{
    "svm": {
        "tol": 0.01,
        "probability": true,
        "kernel": "rbf",
        "gamma": 0.1,
        "class_weight": "balanced",
        "C": 100.0
    },
    "logistic_regression": {
        "tol": 0.01,
        "solver": "lbfgs",
        "random_state": 42,
        "max_iter": 1000,
        "class_weight": "balanced",
        "C": 10.0
    },
    "lstm": {
        "hidden_size": 95,
        "num_layers": 1,
        "dropout": 0.43755503666240964,
        "learning_rate": 0.0010053979824676356,
        "batch_size": 64,
        "weight_decay": 0.003917832828351242
    },
    "transformer": {
        "d_model": 53,
        "num_layers": 1,
        "dropout": 0.40940799892930957,
        "learning_rate": 0.0011385357834687083,
        "batch_size": 64,
        "nhead": 4,
        "weight_decay": 0.0007928709006853354
    }
}