{
    "svm": {
        "tol": 0.01,
        "probability": true,
        "kernel": "rbf",
        "gamma": 0.1,
        "class_weight": "balanced",
        "C": 100.0
    },
    "logistic_regression": {
        "tol": 0.01,
        "solver": "newton-cg",
        "random_state": 42,
        "max_iter": 2000,
        "class_weight": "balanced",
        "C": 1.0
    },
    "lstm": {
        "hidden_size": 69,
        "num_layers": 2,
        "dropout": 0.48378742711827544,
        "learning_rate": 0.0008025843281174524,
        "batch_size": 32,
        "weight_decay": 0.0012302957904224828
    },
    "transformer": {
        "d_model": 88,
        "num_layers": 2,
        "dropout": 0.27110865088660413,
        "learning_rate": 0.0013196990447560425,
        "batch_size": 16,
        "nhead": 4,
        "weight_decay": 0.0008091299578161992
    }
}