{
    "svm": {
        "tol": 0.01,
        "probability": true,
        "kernel": "rbf",
        "gamma": 0.1,
        "class_weight": "balanced",
        "C": 100.0
    },
    "logistic_regression": {
        "tol": 0.01,
        "solver": "lbfgs",
        "random_state": 42,
        "max_iter": 1000,
        "class_weight": "balanced",
        "C": 100.0
    },
    "lstm": {
        "hidden_size": 74,
        "num_layers": 1,
        "dropout": 0.31552020303548545,
        "learning_rate": 0.0009800953193174144,
        "batch_size": 16,
        "weight_decay": 0.000827341584979157
    },
    "transformer": {
        "d_model": 72,
        "num_layers": 1,
        "dropout": 0.4454120015984964,
        "learning_rate": 0.0013545331600568471,
        "batch_size": 16,
        "nhead": 4,
        "weight_decay": 0.0009396524115600096
    }
}