{
    "svm": {
        "tol": 0.1,
        "probability": true,
        "kernel": "linear",
        "gamma": 0.001,
        "class_weight": "balanced",
        "C": 100.0
    },
    "logistic_regression": {
        "tol": 0.01,
        "solver": "lbfgs",
        "random_state": 42,
        "max_iter": 1000,
        "class_weight": "balanced",
        "C": 10.0
    },
    "lstm": {
        "hidden_size": 43,
        "num_layers": 1,
        "dropout": 0.34611319926251083,
        "learning_rate": 0.0007885887343068956,
        "batch_size": 64,
        "weight_decay": 0.003425399961931255
    },
    "transformer": {
        "d_model": 48,
        "num_layers": 1,
        "dropout": 0.4414783238046135,
        "learning_rate": 0.0006979900991880909,
        "batch_size": 64,
        "nhead": 2,
        "weight_decay": 0.0016886551788352308
    }
}